timestamp,buyer,seller,symbol,currency,price,quantity
0,SUBMISSION,Camilla,VOLCANIC_ROCK_VOUCHER_10250,SEASHELLS,3,19
0,SUBMISSION,Caesar,VOLCANIC_ROCK_VOUCHER_10250,SEASHELLS,3,2
0,Camilla,SUBMISSION,VOLCANIC_ROCK_VOUCHER_9750,SEASHELLS,186,19
0,Caesar,SUBMISSION,VOLCANIC_ROCK_VOUCHER_9750,SEASHELLS,186,2
100,Camilla,SUBMISSION,VOLCANIC_ROCK_VOUCHER_9750,SEASHELLS,184,18
100,Caesar,SUBMISSION,VOLCANIC_ROCK_VOUCHER_9750,SEASHELLS,184,1
200,Camilla,SUBMISSION,VOLCANIC_ROCK_VOUCHER_10000,SEASHELLS,34,15
200,Caesar,SUBMISSION,VOLCANIC_ROCK_VOUCHER_10000,SEASHELLS,34,2
200,SUBMISSION,Camilla,VOLCANIC_ROCK_VOUCHER_10250,SEASHELLS,3,15
200,SUBMISSION,Caesar,VOLCANIC_ROCK_VOUCHER_10250,SEASHELLS,3,2
200,Camilla,SUBMISSION,VOLCANIC_ROCK_VOUCHER_9750,SEASHELLS,183,15
200,Caesar,SUBMISSION,VOLCANIC_ROCK_VOUCHER_9750,SEASHELLS,183,2
300,Camilla,SUBMISSION,VOLCANIC_ROCK_VOUCHER_10000,SEASHELLS,33,16
300,Caesar,SUBMISSION,VOLCANIC_ROCK_VOUCHER_10000,SEASHELLS,33,2
300,Caesar,SUBMISSION,VOLCANIC_ROCK_VOUCHER_10000,SEASHELLS,33,10
400,SUBMISSION,Camilla,VOLCANIC_ROCK_VOUCHER_10000,SEASHELLS,31,10
400,Camilla,SUBMISSION,VOLCANIC_ROCK_VOUCHER_9750,SEASHELLS,183,10
500,Camilla,SUBMISSION,VOLCANIC_ROCK_VOUCHER_10000,SEASHELLS,32,19
500,Caesar,SUBMISSION,VOLCANIC_ROCK_VOUCHER_10000,SEASHELLS,32,2
500,Camilla,SUBMISSION,VOLCANIC_ROCK_VOUCHER_9750,SEASHELLS,181,19
500,Caesar,SUBMISSION,VOLCANIC_ROCK_VOUCHER_9750,SEASHELLS,181,2
600,SUBMISSION,Camilla,VOLCANIC_ROCK_VOUCHER_10000,SEASHELLS,29,12
600,SUBMISSION,Caesar,VOLCANIC_ROCK_VOUCHER_10000,SEASHELLS,29,1
600,SUBMISSION,Caesar,VOLCANIC_ROCK_VOUCHER_10000,SEASHELLS,29,0
600,Camilla,SUBMISSION,VOLCANIC_ROCK_VOUCHER_9750,SEASHELLS,183,12
600,Caesar,SUBMISSION,VOLCANIC_ROCK_VOUCHER_9750,SEASHELLS,183,1
700,Camilla,SUBMISSION,VOLCANIC_ROCK_VOUCHER_10000,SEASHELLS,36,18
700,Caesar,SUBMISSION,VOLCANIC_ROCK_VOUCHER_10000,SEASHELLS,36,2
700,SUBMISSION,Camilla,VOLCANIC_ROCK_VOUCHER_10250,SEASHELLS,3,18
700,SUBMISSION,Caesar,VOLCANIC_ROCK_VOUCHER_10250,SEASHELLS,3,2
800,Camilla,SUBMISSION,VOLCANIC_ROCK_VOUCHER_10000,SEASHELLS,33,16
800,Caesar,SUBMISSION,VOLCANIC_ROCK_VOUCHER_10000,SEASHELLS,33,2
800,Camilla,SUBMISSION,VOLCANIC_ROCK_VOUCHER_9750,SEASHELLS,182,16
800,Caesar,SUBMISSION,VOLCANIC_ROCK_VOUCHER_9750,SEASHELLS,182,2
900,Camilla,SUBMISSION,VOLCANIC_ROCK_VOUCHER_10000,SEASHELLS,30,14
1000,SUBMISSION,Camilla,VOLCANIC_ROCK_VOUCHER_10250,SEASHELLS,3,14
1000,SUBMISSION,Caesar,VOLCANIC_ROCK_VOUCHER_10250,SEASHELLS,3,2
1000,Camilla,SUBMISSION,VOLCANIC_ROCK_VOUCHER_9750,SEASHELLS,181,14
1000,Caesar,SUBMISSION,VOLCANIC_ROCK_VOUCHER_9750,SEASHELLS,181,2
1100,Camilla,SUBMISSION,VOLCANIC_ROCK_VOUCHER_10000,SEASHELLS,33,15
1100,SUBMISSION,Camilla,VOLCANIC_ROCK_VOUCHER_9750,SEASHELLS,182,15
1200,Camilla,SUBMISSION,VOLCANIC_ROCK_VOUCHER_10000,SEASHELLS,31,18
1200,Caesar,SUBMISSION,VOLCANIC_ROCK_VOUCHER_10000,SEASHELLS,31,1
1300,Camilla,SUBMISSION,VOLCANIC_ROCK_VOUCHER_10000,SEASHELLS,33,13
1300,SUBMISSION,Camilla,VOLCANIC_ROCK_VOUCHER_9750,SEASHELLS,181,13
1400,Camilla,SUBMISSION,VOLCANIC_ROCK_VOUCHER_10000,SEASHELLS,33,13
1400,Caesar,SUBMISSION,VOLCANIC_ROCK_VOUCHER_10000,SEASHELLS,33,2
1500,SUBMISSION,Camilla,VOLCANIC_ROCK_VOUCHER_10250,SEASHELLS,3,11
1500,SUBMISSION,Caesar,VOLCANIC_ROCK_VOUCHER_10250,SEASHELLS,3,1
1500,Camilla,SUBMISSION,VOLCANIC_ROCK_VOUCHER_9750,SEASHELLS,183,11
1500,Caesar,SUBMISSION,VOLCANIC_ROCK_VOUCHER_9750,SEASHELLS,183,1
1600,Camilla,SUBMISSION,VOLCANIC_ROCK_VOUCHER_10000,SEASHELLS,34,15
1600,SUBMISSION,Camilla,VOLCANIC_ROCK_VOUCHER_10250,SEASHELLS,3,15
1600,Camilla,SUBMISSION,VOLCANIC_ROCK_VOUCHER_9750,SEASHELLS,183,15
1700,SUBMISSION,Camilla,VOLCANIC_ROCK_VOUCHER_10000,SEASHELLS,34,18
1700,SUBMISSION,Caesar,VOLCANIC_ROCK_VOUCHER_10000,SEASHELLS,34,1
1700,Camilla,SUBMISSION,VOLCANIC_ROCK_VOUCHER_9750,SEASHELLS,186,18
1700,Caesar,SUBMISSION,VOLCANIC_ROCK_VOUCHER_9750,SEASHELLS,186,1
1700,Pablo,SUBMISSION,VOLCANIC_ROCK_VOUCHER_9750,SEASHELLS,186,10
1800,SUBMISSION,Camilla,VOLCANIC_ROCK_VOUCHER_10000,SEASHELLS,35,15
1800,SUBMISSION,Caesar,VOLCANIC_ROCK_VOUCHER_10000,SEASHELLS,35,2
1800,Camilla,SUBMISSION,VOLCANIC_ROCK_VOUCHER_9750,SEASHELLS,187,15
1800,Caesar,SUBMISSION,VOLCANIC_ROCK_VOUCHER_9750,SEASHELLS,187,2
1900,Camilla,SUBMISSION,VOLCANIC_ROCK_VOUCHER_10000,SEASHELLS,34,16
1900,SUBMISSION,Camilla,VOLCANIC_ROCK_VOUCHER_9750,SEASHELLS,185,16
2000,Camilla,SUBMISSION,VOLCANIC_ROCK_VOUCHER_10000,SEASHELLS,35,13
2000,SUBMISSION,Camilla,VOLCANIC_ROCK_VOUCHER_9750,SEASHELLS,185,13
2200,SUBMISSION,Camilla,VOLCANIC_ROCK_VOUCHER_10000,SEASHELLS,34,20
2200,Camilla,SUBMISSION,VOLCANIC_ROCK_VOUCHER_9750,SEASHELLS,190,20
2300,Camilla,SUBMISSION,VOLCANIC_ROCK_VOUCHER_10000,SEASHELLS,41,10
2300,Caesar,SUBMISSION,VOLCANIC_ROCK_VOUCHER_10000,SEASHELLS,41,2
2300,SUBMISSION,Camilla,VOLCANIC_ROCK_VOUCHER_10250,SEASHELLS,4,10
2300,SUBMISSION,Caesar,VOLCANIC_ROCK_VOUCHER_10250,SEASHELLS,4,2
2300,SUBMISSION,Camilla,VOLCANIC_ROCK_VOUCHER_9750,SEASHELLS,189,10
2300,SUBMISSION,Caesar,VOLCANIC_ROCK_VOUCHER_9750,SEASHELLS,189,2
2400,SUBMISSION,Camilla,VOLCANIC_ROCK_VOUCHER_10000,SEASHELLS,35,17
2400,SUBMISSION,Caesar,VOLCANIC_ROCK_VOUCHER_10000,SEASHELLS,35,1
2400,Camilla,SUBMISSION,VOLCANIC_ROCK_VOUCHER_9750,SEASHELLS,189,17
2400,Caesar,SUBMISSION,VOLCANIC_ROCK_VOUCHER_9750,SEASHELLS,189,1
2500,SUBMISSION,Camilla,VOLCANIC_ROCK_VOUCHER_10000,SEASHELLS,35,12
2500,SUBMISSION,Caesar,VOLCANIC_ROCK_VOUCHER_10000,SEASHELLS,35,1
2500,Camilla,SUBMISSION,VOLCANIC_ROCK_VOUCHER_9750,SEASHELLS,188,12
2500,Caesar,SUBMISSION,VOLCANIC_ROCK_VOUCHER_9750,SEASHELLS,188,1
2700,SUBMISSION,Camilla,VOLCANIC_ROCK_VOUCHER_10000,SEASHELLS,35,17
2700,Camilla,SUBMISSION,VOLCANIC_ROCK_VOUCHER_9750,SEASHELLS,186,10
2800,SUBMISSION,Camilla,VOLCANIC_ROCK_VOUCHER_10000,SEASHELLS,32,11
2900,SUBMISSION,Camilla,VOLCANIC_ROCK_VOUCHER_10000,SEASHELLS,34,18
2900,SUBMISSION,Caesar,VOLCANIC_ROCK_VOUCHER_10000,SEASHELLS,34,2
2900,Camilla,SUBMISSION,VOLCANIC_ROCK_VOUCHER_10250,SEASHELLS,3,7
2900,Caesar,SUBMISSION,VOLCANIC_ROCK_VOUCHER_10250,SEASHELLS,3,2
3000,SUBMISSION,Camilla,VOLCANIC_ROCK_VOUCHER_10000,SEASHELLS,34,16
3000,SUBMISSION,Caesar,VOLCANIC_ROCK_VOUCHER_10000,SEASHELLS,34,1
3200,Camilla,SUBMISSION,VOLCANIC_ROCK_VOUCHER_10000,SEASHELLS,34,11
3200,Caesar,SUBMISSION,VOLCANIC_ROCK_VOUCHER_10000,SEASHELLS,34,1
3200,SUBMISSION,Camilla,VOLCANIC_ROCK_VOUCHER_10250,SEASHELLS,3,11
3200,SUBMISSION,Caesar,VOLCANIC_ROCK_VOUCHER_10250,SEASHELLS,3,1
3300,Camilla,SUBMISSION,VOLCANIC_ROCK_VOUCHER_10000,SEASHELLS,35,19
3300,Caesar,SUBMISSION,VOLCANIC_ROCK_VOUCHER_10000,SEASHELLS,35,1
3300,SUBMISSION,Camilla,VOLCANIC_ROCK_VOUCHER_10250,SEASHELLS,3,19
3300,SUBMISSION,Caesar,VOLCANIC_ROCK_VOUCHER_10250,SEASHELLS,3,1
3400,SUBMISSION,Camilla,VOLCANIC_ROCK_VOUCHER_10250,SEASHELLS,3,13
3400,SUBMISSION,Caesar,VOLCANIC_ROCK_VOUCHER_10250,SEASHELLS,3,1
3500,SUBMISSION,Camilla,VOLCANIC_ROCK_VOUCHER_10250,SEASHELLS,3,10
3500,SUBMISSION,Caesar,VOLCANIC_ROCK_VOUCHER_10250,SEASHELLS,3,2
3700,SUBMISSION,Camilla,VOLCANIC_ROCK_VOUCHER_10000,SEASHELLS,35,16
3800,SUBMISSION,Camilla,VOLCANIC_ROCK_VOUCHER_9750,SEASHELLS,186,17
3800,SUBMISSION,Caesar,VOLCANIC_ROCK_VOUCHER_9750,SEASHELLS,186,1
3800,SUBMISSION,Caesar,VOLCANIC_ROCK_VOUCHER_9750,SEASHELLS,186,0
3900,SUBMISSION,Camilla,VOLCANIC_ROCK_VOUCHER_10000,SEASHELLS,35,10
3900,SUBMISSION,Caesar,VOLCANIC_ROCK_VOUCHER_10000,SEASHELLS,35,1
3900,Camilla,SUBMISSION,VOLCANIC_ROCK_VOUCHER_9750,SEASHELLS,188,10
3900,Caesar,SUBMISSION,VOLCANIC_ROCK_VOUCHER_9750,SEASHELLS,188,1
4000,Camilla,SUBMISSION,VOLCANIC_ROCK_VOUCHER_10000,SEASHELLS,36,19
4100,SUBMISSION,Pablo,VOLCANIC_ROCK_VOUCHER_10000,SEASHELLS,36,3
4200,SUBMISSION,Camilla,VOLCANIC_ROCK_VOUCHER_10000,SEASHELLS,34,14
4200,Camilla,SUBMISSION,VOLCANIC_ROCK_VOUCHER_9750,SEASHELLS,188,7
4300,Camilla,SUBMISSION,VOLCANIC_ROCK_VOUCHER_10000,SEASHELLS,36,18
4300,SUBMISSION,Camilla,VOLCANIC_ROCK_VOUCHER_9750,SEASHELLS,188,18
4400,Camilla,SUBMISSION,VOLCANIC_ROCK_VOUCHER_10000,SEASHELLS,42,14
4400,SUBMISSION,Camilla,VOLCANIC_ROCK_VOUCHER_10250,SEASHELLS,4,14
4400,SUBMISSION,Camilla,VOLCANIC_ROCK_VOUCHER_9750,SEASHELLS,189,14
4500,Camilla,SUBMISSION,VOLCANIC_ROCK_VOUCHER_10000,SEASHELLS,38,19
4500,Caesar,SUBMISSION,VOLCANIC_ROCK_VOUCHER_10000,SEASHELLS,38,2
4500,SUBMISSION,Camilla,VOLCANIC_ROCK_VOUCHER_9750,SEASHELLS,188,19
4500,SUBMISSION,Caesar,VOLCANIC_ROCK_VOUCHER_9750,SEASHELLS,188,2
4600,Camilla,SUBMISSION,VOLCANIC_ROCK_VOUCHER_10000,SEASHELLS,36,14
4600,Caesar,SUBMISSION,VOLCANIC_ROCK_VOUCHER_10000,SEASHELLS,36,1
4600,SUBMISSION,Camilla,VOLCANIC_ROCK_VOUCHER_9750,SEASHELLS,188,14
4600,SUBMISSION,Caesar,VOLCANIC_ROCK_VOUCHER_9750,SEASHELLS,188,1
4700,SUBMISSION,Camilla,VOLCANIC_ROCK_VOUCHER_10000,SEASHELLS,37,16
4700,SUBMISSION,Caesar,VOLCANIC_ROCK_VOUCHER_10000,SEASHELLS,37,1
4800,SUBMISSION,Camilla,VOLCANIC_ROCK_VOUCHER_10000,SEASHELLS,35,17
4800,SUBMISSION,Caesar,VOLCANIC_ROCK_VOUCHER_10000,SEASHELLS,35,2
4800,Camilla,SUBMISSION,VOLCANIC_ROCK_VOUCHER_9750,SEASHELLS,194,17
4800,Caesar,SUBMISSION,VOLCANIC_ROCK_VOUCHER_9750,SEASHELLS,194,2
4800,Caesar,SUBMISSION,VOLCANIC_ROCK_VOUCHER_9750,SEASHELLS,194,20
4900,Camilla,SUBMISSION,VOLCANIC_ROCK_VOUCHER_10000,SEASHELLS,40,13
5000,SUBMISSION,Camilla,VOLCANIC_ROCK_VOUCHER_10000,SEASHELLS,39,15
5000,SUBMISSION,Caesar,VOLCANIC_ROCK_VOUCHER_10000,SEASHELLS,39,1
5000,Camilla,SUBMISSION,VOLCANIC_ROCK_VOUCHER_9750,SEASHELLS,196,15
5000,Caesar,SUBMISSION,VOLCANIC_ROCK_VOUCHER_9750,SEASHELLS,196,1
5100,SUBMISSION,Camilla,VOLCANIC_ROCK_VOUCHER_10000,SEASHELLS,34,10
5100,SUBMISSION,Caesar,VOLCANIC_ROCK_VOUCHER_10000,SEASHELLS,34,2
5100,Camilla,SUBMISSION,VOLCANIC_ROCK_VOUCHER_10250,SEASHELLS,3,10
5100,Caesar,SUBMISSION,VOLCANIC_ROCK_VOUCHER_10250,SEASHELLS,3,2
5200,SUBMISSION,Camilla,VOLCANIC_ROCK_VOUCHER_10000,SEASHELLS,37,11
5200,SUBMISSION,Caesar,VOLCANIC_ROCK_VOUCHER_10000,SEASHELLS,37,1
5200,Camilla,SUBMISSION,VOLCANIC_ROCK_VOUCHER_9750,SEASHELLS,197,11
5200,Caesar,SUBMISSION,VOLCANIC_ROCK_VOUCHER_9750,SEASHELLS,197,1
5300,SUBMISSION,Camilla,VOLCANIC_ROCK_VOUCHER_10000,SEASHELLS,34,11
5300,SUBMISSION,Caesar,VOLCANIC_ROCK_VOUCHER_10000,SEASHELLS,34,2
5300,SUBMISSION,Caesar,VOLCANIC_ROCK_VOUCHER_10000,SEASHELLS,34,0
5300,Camilla,SUBMISSION,VOLCANIC_ROCK_VOUCHER_9750,SEASHELLS,197,1
5400,Camilla,SUBMISSION,VOLCANIC_ROCK_VOUCHER_10000,SEASHELLS,41,16
5400,Caesar,SUBMISSION,VOLCANIC_ROCK_VOUCHER_10000,SEASHELLS,41,2
5400,SUBMISSION,Camilla,VOLCANIC_ROCK_VOUCHER_10250,SEASHELLS,4,16
5400,SUBMISSION,Caesar,VOLCANIC_ROCK_VOUCHER_10250,SEASHELLS,4,2
5500,Camilla,SUBMISSION,VOLCANIC_ROCK_VOUCHER_10000,SEASHELLS,42,19
5500,SUBMISSION,Camilla,VOLCANIC_ROCK_VOUCHER_10250,SEASHELLS,4,18
5600,SUBMISSION,Camilla,VOLCANIC_ROCK_VOUCHER_10000,SEASHELLS,36,10
5600,SUBMISSION,Caesar,VOLCANIC_ROCK_VOUCHER_10000,SEASHELLS,36,2
5700,Camilla,SUBMISSION,VOLCANIC_ROCK_VOUCHER_10000,SEASHELLS,39,19
5700,Caesar,SUBMISSION,VOLCANIC_ROCK_VOUCHER_10000,SEASHELLS,39,1
5800,Camilla,SUBMISSION,VOLCANIC_ROCK_VOUCHER_10000,SEASHELLS,41,20
5900,SUBMISSION,Camilla,VOLCANIC_ROCK_VOUCHER_10000,SEASHELLS,38,20
5900,SUBMISSION,Caesar,VOLCANIC_ROCK_VOUCHER_10000,SEASHELLS,38,2
6200,Camilla,SUBMISSION,VOLCANIC_ROCK_VOUCHER_10000,SEASHELLS,40,19
6200,SUBMISSION,Camilla,VOLCANIC_ROCK_VOUCHER_9750,SEASHELLS,196,19
6300,Camilla,SUBMISSION,VOLCANIC_ROCK_VOUCHER_10000,SEASHELLS,40,11
6300,Caesar,SUBMISSION,VOLCANIC_ROCK_VOUCHER_10000,SEASHELLS,40,2
6400,SUBMISSION,Camilla,VOLCANIC_ROCK_VOUCHER_10000,SEASHELLS,39,15
6400,SUBMISSION,Caesar,VOLCANIC_ROCK_VOUCHER_10000,SEASHELLS,39,1
6400,Camilla,SUBMISSION,VOLCANIC_ROCK_VOUCHER_10250,SEASHELLS,3,4
6400,Caesar,SUBMISSION,VOLCANIC_ROCK_VOUCHER_10250,SEASHELLS,3,1
6500,Camilla,SUBMISSION,VOLCANIC_ROCK_VOUCHER_10000,SEASHELLS,40,14
6600,SUBMISSION,Camilla,VOLCANIC_ROCK_VOUCHER_10000,SEASHELLS,40,17
6600,SUBMISSION,Camilla,VOLCANIC_ROCK_VOUCHER_10250,SEASHELLS,4,5
6600,Camilla,SUBMISSION,VOLCANIC_ROCK_VOUCHER_9750,SEASHELLS,201,17
6700,Camilla,SUBMISSION,VOLCANIC_ROCK_VOUCHER_10000,SEASHELLS,43,16
6700,Caesar,SUBMISSION,VOLCANIC_ROCK_VOUCHER_10000,SEASHELLS,43,2
6700,Camilla,SUBMISSION,VOLCANIC_ROCK_VOUCHER_9750,SEASHELLS,202,2
6800,SUBMISSION,Camilla,VOLCANIC_ROCK_VOUCHER_10000,SEASHELLS,37,10
6800,SUBMISSION,Caesar,VOLCANIC_ROCK_VOUCHER_10000,SEASHELLS,37,2
7000,SUBMISSION,Camilla,VOLCANIC_ROCK_VOUCHER_10000,SEASHELLS,39,10
7000,SUBMISSION,Caesar,VOLCANIC_ROCK_VOUCHER_10000,SEASHELLS,39,1
7100,SUBMISSION,Camilla,VOLCANIC_ROCK_VOUCHER_10000,SEASHELLS,40,10
7100,SUBMISSION,Caesar,VOLCANIC_ROCK_VOUCHER_10000,SEASHELLS,40,1
7200,Camilla,SUBMISSION,VOLCANIC_ROCK_VOUCHER_10000,SEASHELLS,39,14
7200,Caesar,SUBMISSION,VOLCANIC_ROCK_VOUCHER_10000,SEASHELLS,39,1
7200,SUBMISSION,Camilla,VOLCANIC_ROCK_VOUCHER_9750,SEASHELLS,199,14
7200,SUBMISSION,Caesar,VOLCANIC_ROCK_VOUCHER_9750,SEASHELLS,199,1
7300,Camilla,SUBMISSION,VOLCANIC_ROCK_VOUCHER_10000,SEASHELLS,42,13
7300,Camilla,SUBMISSION,VOLCANIC_ROCK_VOUCHER_9750,SEASHELLS,202,13
7400,Camilla,SUBMISSION,VOLCANIC_ROCK_VOUCHER_10000,SEASHELLS,42,16
7400,Caesar,SUBMISSION,VOLCANIC_ROCK_VOUCHER_10000,SEASHELLS,42,1
7400,SUBMISSION,Camilla,VOLCANIC_ROCK_VOUCHER_9750,SEASHELLS,201,16
7400,SUBMISSION,Caesar,VOLCANIC_ROCK_VOUCHER_9750,SEASHELLS,201,1
7500,Camilla,SUBMISSION,VOLCANIC_ROCK_VOUCHER_10000,SEASHELLS,48,15
7500,Caesar,SUBMISSION,VOLCANIC_ROCK_VOUCHER_10000,SEASHELLS,48,1
7500,SUBMISSION,Camilla,VOLCANIC_ROCK_VOUCHER_9750,SEASHELLS,204,15
7500,SUBMISSION,Caesar,VOLCANIC_ROCK_VOUCHER_9750,SEASHELLS,204,1
7600,SUBMISSION,Camilla,VOLCANIC_ROCK_VOUCHER_10000,SEASHELLS,41,16
7600,SUBMISSION,Caesar,VOLCANIC_ROCK_VOUCHER_10000,SEASHELLS,41,1
7600,Camilla,SUBMISSION,VOLCANIC_ROCK_VOUCHER_9750,SEASHELLS,205,16
7600,Caesar,SUBMISSION,VOLCANIC_ROCK_VOUCHER_9750,SEASHELLS,205,1
7700,Camilla,SUBMISSION,VOLCANIC_ROCK_VOUCHER_10000,SEASHELLS,42,11
7700,Caesar,SUBMISSION,VOLCANIC_ROCK_VOUCHER_10000,SEASHELLS,42,1
7700,SUBMISSION,Camilla,VOLCANIC_ROCK_VOUCHER_9750,SEASHELLS,200,11
7700,SUBMISSION,Caesar,VOLCANIC_ROCK_VOUCHER_9750,SEASHELLS,200,1
7800,SUBMISSION,Camilla,VOLCANIC_ROCK_VOUCHER_10000,SEASHELLS,40,12
7800,Camilla,SUBMISSION,VOLCANIC_ROCK_VOUCHER_9750,SEASHELLS,202,12
7900,Camilla,SUBMISSION,VOLCANIC_ROCK_VOUCHER_9750,SEASHELLS,203,16
7900,Caesar,SUBMISSION,VOLCANIC_ROCK_VOUCHER_9750,SEASHELLS,203,2
8000,Camilla,SUBMISSION,VOLCANIC_ROCK_VOUCHER_10000,SEASHELLS,41,11
8000,Caesar,SUBMISSION,VOLCANIC_ROCK_VOUCHER_10000,SEASHELLS,41,1
8000,SUBMISSION,Camilla,VOLCANIC_ROCK_VOUCHER_9750,SEASHELLS,197,11
8000,SUBMISSION,Caesar,VOLCANIC_ROCK_VOUCHER_9750,SEASHELLS,197,1
8100,SUBMISSION,Camilla,VOLCANIC_ROCK_VOUCHER_10000,SEASHELLS,38,15
8100,SUBMISSION,Caesar,VOLCANIC_ROCK_VOUCHER_10000,SEASHELLS,38,1
8100,Camilla,SUBMISSION,VOLCANIC_ROCK_VOUCHER_9750,SEASHELLS,199,12
8400,SUBMISSION,Camilla,VOLCANIC_ROCK_VOUCHER_10000,SEASHELLS,38,18
8500,SUBMISSION,Camilla,VOLCANIC_ROCK_VOUCHER_10000,SEASHELLS,39,12
8500,SUBMISSION,Caesar,VOLCANIC_ROCK_VOUCHER_10000,SEASHELLS,39,1
8600,Camilla,SUBMISSION,VOLCANIC_ROCK_VOUCHER_10000,SEASHELLS,42,13
8600,Caesar,SUBMISSION,VOLCANIC_ROCK_VOUCHER_10000,SEASHELLS,42,20
8700,SUBMISSION,Camilla,VOLCANIC_ROCK_VOUCHER_10000,SEASHELLS,38,15
8800,SUBMISSION,Camilla,VOLCANIC_ROCK_VOUCHER_10000,SEASHELLS,36,14
8900,SUBMISSION,Camilla,VOLCANIC_ROCK_VOUCHER_10000,SEASHELLS,38,12
8900,SUBMISSION,Caesar,VOLCANIC_ROCK_VOUCHER_10000,SEASHELLS,38,1
9000,Camilla,SUBMISSION,VOLCANIC_ROCK_VOUCHER_10000,SEASHELLS,39,14
9000,Caesar,SUBMISSION,VOLCANIC_ROCK_VOUCHER_10000,SEASHELLS,39,1
9100,Camilla,SUBMISSION,VOLCANIC_ROCK_VOUCHER_10000,SEASHELLS,39,11
9200,SUBMISSION,Camilla,VOLCANIC_ROCK_VOUCHER_10000,SEASHELLS,35,14
9300,SUBMISSION,Camilla,VOLCANIC_ROCK_VOUCHER_10000,SEASHELLS,36,15
9500,Camilla,SUBMISSION,VOLCANIC_ROCK_VOUCHER_10000,SEASHELLS,36,12
9500,Caesar,SUBMISSION,VOLCANIC_ROCK_VOUCHER_10000,SEASHELLS,36,1
9600,Camilla,SUBMISSION,VOLCANIC_ROCK_VOUCHER_10000,SEASHELLS,38,13
9600,Caesar,SUBMISSION,VOLCANIC_ROCK_VOUCHER_10000,SEASHELLS,38,1
9700,Camilla,SUBMISSION,VOLCANIC_ROCK_VOUCHER_10000,SEASHELLS,41,10
9700,Caesar,SUBMISSION,VOLCANIC_ROCK_VOUCHER_10000,SEASHELLS,41,20
9700,SUBMISSION,Camilla,VOLCANIC_ROCK_VOUCHER_9750,SEASHELLS,191,10
9800,SUBMISSION,Camilla,VOLCANIC_ROCK_VOUCHER_10000,SEASHELLS,36,11
9800,Camilla,SUBMISSION,VOLCANIC_ROCK_VOUCHER_9750,SEASHELLS,192,10
10000,SUBMISSION,Caesar,VOLCANIC_ROCK_VOUCHER_10000,SEASHELLS,36,4
10300,SUBMISSION,Camilla,VOLCANIC_ROCK_VOUCHER_10000,SEASHELLS,37,11
10600,SUBMISSION,Camilla,VOLCANIC_ROCK_VOUCHER_10000,SEASHELLS,30,10
10600,SUBMISSION,Caesar,VOLCANIC_ROCK_VOUCHER_10000,SEASHELLS,30,2
10700,Camilla,SUBMISSION,VOLCANIC_ROCK_VOUCHER_10000,SEASHELLS,34,19
10700,Caesar,SUBMISSION,VOLCANIC_ROCK_VOUCHER_10000,SEASHELLS,34,2
10800,Camilla,SUBMISSION,VOLCANIC_ROCK_VOUCHER_10000,SEASHELLS,32,19
10800,Caesar,SUBMISSION,VOLCANIC_ROCK_VOUCHER_10000,SEASHELLS,32,1
10900,Camilla,SUBMISSION,VOLCANIC_ROCK_VOUCHER_10000,SEASHELLS,34,13
10900,Caesar,SUBMISSION,VOLCANIC_ROCK_VOUCHER_10000,SEASHELLS,34,2
11000,SUBMISSION,Camilla,VOLCANIC_ROCK_VOUCHER_10000,SEASHELLS,34,19
11000,SUBMISSION,Caesar,VOLCANIC_ROCK_VOUCHER_10000,SEASHELLS,34,1
11100,SUBMISSION,Camilla,VOLCANIC_ROCK_VOUCHER_10000,SEASHELLS,36,15
11100,SUBMISSION,Caesar,VOLCANIC_ROCK_VOUCHER_10000,SEASHELLS,36,2
11200,SUBMISSION,Camilla,VOLCANIC_ROCK_VOUCHER_10000,SEASHELLS,35,18
11300,SUBMISSION,Camilla,VOLCANIC_ROCK_VOUCHER_10000,SEASHELLS,32,15
11400,SUBMISSION,Camilla,VOLCANIC_ROCK_VOUCHER_10000,SEASHELLS,32,12
11700,SUBMISSION,Camilla,VOLCANIC_ROCK_VOUCHER_10000,SEASHELLS,30,13
11700,SUBMISSION,Caesar,VOLCANIC_ROCK_VOUCHER_10000,SEASHELLS,30,1
12000,Camilla,SUBMISSION,VOLCANIC_ROCK_VOUCHER_10000,SEASHELLS,36,19
12000,Caesar,SUBMISSION,VOLCANIC_ROCK_VOUCHER_10000,SEASHELLS,36,1
12100,SUBMISSION,Camilla,VOLCANIC_ROCK_VOUCHER_10000,SEASHELLS,32,14
12100,SUBMISSION,Caesar,VOLCANIC_ROCK_VOUCHER_10000,SEASHELLS,32,1
12200,SUBMISSION,Camilla,VOLCANIC_ROCK_VOUCHER_10000,SEASHELLS,31,13
12200,SUBMISSION,Caesar,VOLCANIC_ROCK_VOUCHER_10000,SEASHELLS,31,1
12300,Camilla,SUBMISSION,VOLCANIC_ROCK_VOUCHER_10000,SEASHELLS,32,18
12300,Caesar,SUBMISSION,VOLCANIC_ROCK_VOUCHER_10000,SEASHELLS,32,2
12400,Camilla,SUBMISSION,VOLCANIC_ROCK_VOUCHER_10000,SEASHELLS,33,14
12400,Caesar,SUBMISSION,VOLCANIC_ROCK_VOUCHER_10000,SEASHELLS,33,1
12500,Camilla,SUBMISSION,VOLCANIC_ROCK_VOUCHER_10000,SEASHELLS,34,14
12600,Camilla,SUBMISSION,VOLCANIC_ROCK_VOUCHER_10000,SEASHELLS,33,20
12600,Caesar,SUBMISSION,VOLCANIC_ROCK_VOUCHER_10000,SEASHELLS,33,2
12600,SUBMISSION,Camilla,VOLCANIC_ROCK_VOUCHER_9750,SEASHELLS,180,20
12600,SUBMISSION,Caesar,VOLCANIC_ROCK_VOUCHER_9750,SEASHELLS,180,2
12700,Camilla,SUBMISSION,VOLCANIC_ROCK_VOUCHER_10000,SEASHELLS,31,17
12900,SUBMISSION,Camilla,VOLCANIC_ROCK_VOUCHER_10000,SEASHELLS,32,13
12900,SUBMISSION,Caesar,VOLCANIC_ROCK_VOUCHER_10000,SEASHELLS,32,1
12900,Camilla,SUBMISSION,VOLCANIC_ROCK_VOUCHER_9750,SEASHELLS,184,13
12900,Caesar,SUBMISSION,VOLCANIC_ROCK_VOUCHER_9750,SEASHELLS,184,1
13000,Camilla,SUBMISSION,VOLCANIC_ROCK_VOUCHER_9750,SEASHELLS,182,8
13100,Camilla,SUBMISSION,VOLCANIC_ROCK_VOUCHER_10000,SEASHELLS,32,13
13100,Caesar,SUBMISSION,VOLCANIC_ROCK_VOUCHER_10000,SEASHELLS,32,1
13200,Camilla,SUBMISSION,VOLCANIC_ROCK_VOUCHER_10000,SEASHELLS,32,11
13500,Camilla,SUBMISSION,VOLCANIC_ROCK_VOUCHER_10000,SEASHELLS,31,16
13500,Caesar,SUBMISSION,VOLCANIC_ROCK_VOUCHER_10000,SEASHELLS,31,2
13600,Camilla,SUBMISSION,VOLCANIC_ROCK_VOUCHER_10000,SEASHELLS,32,14
13700,Camilla,SUBMISSION,VOLCANIC_ROCK_VOUCHER_10000,SEASHELLS,31,2
14200,SUBMISSION,Camilla,VOLCANIC_ROCK_VOUCHER_9750,SEASHELLS,174,11
14300,Camilla,SUBMISSION,VOLCANIC_ROCK_VOUCHER_9750,SEASHELLS,176,10
14300,Caesar,SUBMISSION,VOLCANIC_ROCK_VOUCHER_9750,SEASHELLS,176,1
14400,SUBMISSION,Camilla,VOLCANIC_ROCK_VOUCHER_10000,SEASHELLS,29,19
14400,SUBMISSION,Caesar,VOLCANIC_ROCK_VOUCHER_10000,SEASHELLS,29,2
14500,Camilla,SUBMISSION,VOLCANIC_ROCK_VOUCHER_10000,SEASHELLS,32,13
14600,Camilla,SUBMISSION,VOLCANIC_ROCK_VOUCHER_10000,SEASHELLS,29,8
14600,SUBMISSION,Camilla,VOLCANIC_ROCK_VOUCHER_9750,SEASHELLS,173,20
14600,SUBMISSION,Caesar,VOLCANIC_ROCK_VOUCHER_9750,SEASHELLS,173,1
14700,Caesar,SUBMISSION,VOLCANIC_ROCK_VOUCHER_9750,SEASHELLS,173,1
15000,Camilla,SUBMISSION,VOLCANIC_ROCK_VOUCHER_9750,SEASHELLS,174,20
15100,SUBMISSION,Camilla,VOLCANIC_ROCK_VOUCHER_10000,SEASHELLS,30,18
15100,SUBMISSION,Caesar,VOLCANIC_ROCK_VOUCHER_10000,SEASHELLS,30,2
15200,Camilla,SUBMISSION,VOLCANIC_ROCK_VOUCHER_10000,SEASHELLS,29,18
15200,Caesar,SUBMISSION,VOLCANIC_ROCK_VOUCHER_10000,SEASHELLS,29,1
15300,Camilla,SUBMISSION,VOLCANIC_ROCK_VOUCHER_10000,SEASHELLS,29,1
15500,SUBMISSION,Camilla,VOLCANIC_ROCK_VOUCHER_10000,SEASHELLS,27,16
15500,SUBMISSION,Caesar,VOLCANIC_ROCK_VOUCHER_10000,SEASHELLS,27,1
15600,SUBMISSION,Camilla,VOLCANIC_ROCK_VOUCHER_10000,SEASHELLS,29,18
15600,SUBMISSION,Caesar,VOLCANIC_ROCK_VOUCHER_10000,SEASHELLS,29,2
15700,SUBMISSION,Camilla,VOLCANIC_ROCK_VOUCHER_10000,SEASHELLS,29,20
15700,SUBMISSION,Caesar,VOLCANIC_ROCK_VOUCHER_10000,SEASHELLS,29,2
15800,Camilla,SUBMISSION,VOLCANIC_ROCK_VOUCHER_10000,SEASHELLS,30,15
15800,Caesar,SUBMISSION,VOLCANIC_ROCK_VOUCHER_10000,SEASHELLS,30,1
15900,Camilla,SUBMISSION,VOLCANIC_ROCK_VOUCHER_10000,SEASHELLS,31,19
15900,Caesar,SUBMISSION,VOLCANIC_ROCK_VOUCHER_10000,SEASHELLS,31,2
16000,Camilla,SUBMISSION,VOLCANIC_ROCK_VOUCHER_10000,SEASHELLS,29,14
16000,Caesar,SUBMISSION,VOLCANIC_ROCK_VOUCHER_10000,SEASHELLS,29,1
16100,Camilla,SUBMISSION,VOLCANIC_ROCK_VOUCHER_10000,SEASHELLS,30,7
16500,SUBMISSION,Camilla,VOLCANIC_ROCK_VOUCHER_10000,SEASHELLS,27,12
16800,Camilla,SUBMISSION,VOLCANIC_ROCK_VOUCHER_10000,SEASHELLS,30,12
17800,SUBMISSION,Camilla,VOLCANIC_ROCK_VOUCHER_10000,SEASHELLS,29,14
17800,SUBMISSION,Caesar,VOLCANIC_ROCK_VOUCHER_10000,SEASHELLS,29,2
17900,Camilla,SUBMISSION,VOLCANIC_ROCK_VOUCHER_10000,SEASHELLS,32,16
18100,SUBMISSION,Caesar,VOLCANIC_ROCK_VOUCHER_10000,SEASHELLS,29,5
18200,Camilla,SUBMISSION,VOLCANIC_ROCK_VOUCHER_10000,SEASHELLS,32,5
18200,SUBMISSION,Camilla,VOLCANIC_ROCK_VOUCHER_9750,SEASHELLS,173,10
18200,SUBMISSION,Caesar,VOLCANIC_ROCK_VOUCHER_9750,SEASHELLS,173,2
18300,SUBMISSION,Camilla,VOLCANIC_ROCK_VOUCHER_10000,SEASHELLS,28,13
18300,Camilla,SUBMISSION,VOLCANIC_ROCK_VOUCHER_9750,SEASHELLS,176,12
18400,Camilla,SUBMISSION,VOLCANIC_ROCK_VOUCHER_10000,SEASHELLS,31,13
18600,SUBMISSION,Camilla,VOLCANIC_ROCK_VOUCHER_9750,SEASHELLS,172,10
18700,SUBMISSION,Camilla,VOLCANIC_ROCK_VOUCHER_9750,SEASHELLS,174,10
18800,SUBMISSION,Camilla,VOLCANIC_ROCK_VOUCHER_9750,SEASHELLS,176,14
18800,SUBMISSION,Caesar,VOLCANIC_ROCK_VOUCHER_9750,SEASHELLS,176,2
19100,Camilla,SUBMISSION,VOLCANIC_ROCK_VOUCHER_9750,SEASHELLS,174,17
19100,Caesar,SUBMISSION,VOLCANIC_ROCK_VOUCHER_9750,SEASHELLS,174,2
19300,SUBMISSION,Camilla,VOLCANIC_ROCK_VOUCHER_10000,SEASHELLS,28,14
19300,SUBMISSION,Caesar,VOLCANIC_ROCK_VOUCHER_10000,SEASHELLS,28,1
19300,SUBMISSION,Caesar,VOLCANIC_ROCK_VOUCHER_10000,SEASHELLS,28,0
19300,Camilla,SUBMISSION,VOLCANIC_ROCK_VOUCHER_9750,SEASHELLS,181,14
19300,Caesar,SUBMISSION,VOLCANIC_ROCK_VOUCHER_9750,SEASHELLS,181,1
19400,Camilla,SUBMISSION,VOLCANIC_ROCK_VOUCHER_10000,SEASHELLS,31,13
19500,Camilla,SUBMISSION,VOLCANIC_ROCK_VOUCHER_9750,SEASHELLS,178,2
19600,Camilla,SUBMISSION,VOLCANIC_ROCK_VOUCHER_10000,SEASHELLS,34,2
19900,SUBMISSION,Camilla,VOLCANIC_ROCK_VOUCHER_10000,SEASHELLS,30,13
19900,SUBMISSION,Caesar,VOLCANIC_ROCK_VOUCHER_10000,SEASHELLS,30,1
20000,SUBMISSION,Camilla,VOLCANIC_ROCK_VOUCHER_10000,SEASHELLS,30,15
20000,SUBMISSION,Caesar,VOLCANIC_ROCK_VOUCHER_10000,SEASHELLS,30,2
20300,Camilla,SUBMISSION,VOLCANIC_ROCK_VOUCHER_10000,SEASHELLS,33,20
20300,Caesar,SUBMISSION,VOLCANIC_ROCK_VOUCHER_10000,SEASHELLS,33,1
20400,Camilla,SUBMISSION,VOLCANIC_ROCK_VOUCHER_10000,SEASHELLS,33,10
21200,SUBMISSION,Camilla,VOLCANIC_ROCK_VOUCHER_10000,SEASHELLS,29,10
21300,Camilla,SUBMISSION,VOLCANIC_ROCK_VOUCHER_10000,SEASHELLS,33,10
21500,SUBMISSION,Camilla,VOLCANIC_ROCK_VOUCHER_9750,SEASHELLS,178,14
21600,Camilla,SUBMISSION,VOLCANIC_ROCK_VOUCHER_9750,SEASHELLS,182,14
22000,SUBMISSION,Camilla,VOLCANIC_ROCK_VOUCHER_10000,SEASHELLS,35,20
22000,SUBMISSION,Caesar,VOLCANIC_ROCK_VOUCHER_10000,SEASHELLS,35,1
22100,SUBMISSION,Camilla,VOLCANIC_ROCK_VOUCHER_10000,SEASHELLS,34,12
22100,SUBMISSION,Caesar,VOLCANIC_ROCK_VOUCHER_10000,SEASHELLS,34,1
22300,Camilla,SUBMISSION,VOLCANIC_ROCK_VOUCHER_10000,SEASHELLS,37,10
22300,Caesar,SUBMISSION,VOLCANIC_ROCK_VOUCHER_10000,SEASHELLS,37,2
22400,SUBMISSION,Camilla,VOLCANIC_ROCK_VOUCHER_10000,SEASHELLS,33,20
22400,SUBMISSION,Caesar,VOLCANIC_ROCK_VOUCHER_10000,SEASHELLS,33,1
22500,SUBMISSION,Camilla,VOLCANIC_ROCK_VOUCHER_9750,SEASHELLS,188,20
22600,Camilla,SUBMISSION,VOLCANIC_ROCK_VOUCHER_10000,SEASHELLS,36,20
22600,Caesar,SUBMISSION,VOLCANIC_ROCK_VOUCHER_10000,SEASHELLS,36,2
22700,SUBMISSION,Caesar,VOLCANIC_ROCK_VOUCHER_10000,SEASHELLS,36,5
22800,Camilla,SUBMISSION,VOLCANIC_ROCK_VOUCHER_10000,SEASHELLS,37,12
22900,Camilla,SUBMISSION,VOLCANIC_ROCK_VOUCHER_10000,SEASHELLS,39,14
22900,Camilla,SUBMISSION,VOLCANIC_ROCK_VOUCHER_9750,SEASHELLS,192,17
22900,Caesar,SUBMISSION,VOLCANIC_ROCK_VOUCHER_9750,SEASHELLS,192,2
23000,SUBMISSION,Camilla,VOLCANIC_ROCK_VOUCHER_10000,SEASHELLS,37,12
23000,SUBMISSION,Caesar,VOLCANIC_ROCK_VOUCHER_10000,SEASHELLS,37,2
23100,Camilla,SUBMISSION,VOLCANIC_ROCK_VOUCHER_10000,SEASHELLS,37,12
23100,SUBMISSION,Camilla,VOLCANIC_ROCK_VOUCHER_9750,SEASHELLS,187,12
23200,SUBMISSION,Camilla,VOLCANIC_ROCK_VOUCHER_10000,SEASHELLS,33,16
23200,SUBMISSION,Caesar,VOLCANIC_ROCK_VOUCHER_10000,SEASHELLS,33,2
23200,Camilla,SUBMISSION,VOLCANIC_ROCK_VOUCHER_9750,SEASHELLS,187,13
23300,SUBMISSION,Camilla,VOLCANIC_ROCK_VOUCHER_10000,SEASHELLS,37,12
23300,SUBMISSION,Caesar,VOLCANIC_ROCK_VOUCHER_10000,SEASHELLS,37,2
23400,SUBMISSION,Camilla,VOLCANIC_ROCK_VOUCHER_10000,SEASHELLS,37,10
23400,SUBMISSION,Caesar,VOLCANIC_ROCK_VOUCHER_10000,SEASHELLS,37,1
23600,SUBMISSION,Camilla,VOLCANIC_ROCK_VOUCHER_10000,SEASHELLS,35,11
23600,SUBMISSION,Caesar,VOLCANIC_ROCK_VOUCHER_10000,SEASHELLS,35,2
23700,Camilla,SUBMISSION,VOLCANIC_ROCK_VOUCHER_10000,SEASHELLS,37,17
23700,Caesar,SUBMISSION,VOLCANIC_ROCK_VOUCHER_10000,SEASHELLS,37,1
23700,Caesar,SUBMISSION,VOLCANIC_ROCK_VOUCHER_10000,SEASHELLS,37,14
23700,SUBMISSION,Camilla,VOLCANIC_ROCK_VOUCHER_9750,SEASHELLS,189,17
23700,SUBMISSION,Caesar,VOLCANIC_ROCK_VOUCHER_9750,SEASHELLS,189,1
23800,Camilla,SUBMISSION,VOLCANIC_ROCK_VOUCHER_9750,SEASHELLS,190,11
23800,Caesar,SUBMISSION,VOLCANIC_ROCK_VOUCHER_9750,SEASHELLS,190,1
23900,Camilla,SUBMISSION,VOLCANIC_ROCK_VOUCHER_10000,SEASHELLS,40,19
23900,Caesar,SUBMISSION,VOLCANIC_ROCK_VOUCHER_10000,SEASHELLS,40,1
23900,SUBMISSION,Camilla,VOLCANIC_ROCK_VOUCHER_9750,SEASHELLS,189,19
23900,SUBMISSION,Caesar,VOLCANIC_ROCK_VOUCHER_9750,SEASHELLS,189,1
24100,Camilla,SUBMISSION,VOLCANIC_ROCK_VOUCHER_10000,SEASHELLS,35,6
24300,SUBMISSION,Camilla,VOLCANIC_ROCK_VOUCHER_10000,SEASHELLS,34,20
24300,Camilla,SUBMISSION,VOLCANIC_ROCK_VOUCHER_9750,SEASHELLS,190,13
24400,SUBMISSION,Camilla,VOLCANIC_ROCK_VOUCHER_10000,SEASHELLS,34,14
24400,Camilla,SUBMISSION,VOLCANIC_ROCK_VOUCHER_9750,SEASHELLS,186,13
24500,SUBMISSION,Pablo,VOLCANIC_ROCK_VOUCHER_10000,SEASHELLS,35,4
24500,SUBMISSION,Pablo,VOLCANIC_ROCK_VOUCHER_9750,SEASHELLS,189,4
24600,SUBMISSION,Camilla,VOLCANIC_ROCK_VOUCHER_10000,SEASHELLS,35,10
24600,Camilla,SUBMISSION,VOLCANIC_ROCK_VOUCHER_9750,SEASHELLS,188,4
24700,Camilla,SUBMISSION,VOLCANIC_ROCK_VOUCHER_10000,SEASHELLS,34,20
24700,Caesar,SUBMISSION,VOLCANIC_ROCK_VOUCHER_10000,SEASHELLS,34,1
24800,Camilla,SUBMISSION,VOLCANIC_ROCK_VOUCHER_10000,SEASHELLS,37,12
24800,SUBMISSION,Camilla,VOLCANIC_ROCK_VOUCHER_9750,SEASHELLS,186,12
24900,Camilla,SUBMISSION,VOLCANIC_ROCK_VOUCHER_10000,SEASHELLS,38,15
24900,SUBMISSION,Camilla,VOLCANIC_ROCK_VOUCHER_9750,SEASHELLS,188,15
24900,SUBMISSION,Caesar,VOLCANIC_ROCK_VOUCHER_9750,SEASHELLS,188,2
25000,SUBMISSION,Camilla,VOLCANIC_ROCK_VOUCHER_9750,SEASHELLS,187,19
25000,SUBMISSION,Caesar,VOLCANIC_ROCK_VOUCHER_9750,SEASHELLS,187,2
25200,SUBMISSION,Camilla,VOLCANIC_ROCK_VOUCHER_10000,SEASHELLS,33,19
25200,Camilla,SUBMISSION,VOLCANIC_ROCK_VOUCHER_9750,SEASHELLS,189,19
25400,SUBMISSION,Camilla,VOLCANIC_ROCK_VOUCHER_10000,SEASHELLS,37,14
25400,Camilla,SUBMISSION,VOLCANIC_ROCK_VOUCHER_9750,SEASHELLS,188,14
25500,Camilla,SUBMISSION,VOLCANIC_ROCK_VOUCHER_10000,SEASHELLS,37,13
25500,Caesar,SUBMISSION,VOLCANIC_ROCK_VOUCHER_10000,SEASHELLS,37,1
25600,SUBMISSION,Camilla,VOLCANIC_ROCK_VOUCHER_9750,SEASHELLS,187,14
25600,SUBMISSION,Caesar,VOLCANIC_ROCK_VOUCHER_9750,SEASHELLS,187,1
25700,SUBMISSION,Camilla,VOLCANIC_ROCK_VOUCHER_10000,SEASHELLS,35,15
25700,SUBMISSION,Caesar,VOLCANIC_ROCK_VOUCHER_10000,SEASHELLS,35,2
25800,SUBMISSION,Camilla,VOLCANIC_ROCK_VOUCHER_10000,SEASHELLS,35,14
25800,SUBMISSION,Caesar,VOLCANIC_ROCK_VOUCHER_10000,SEASHELLS,35,1
25800,Camilla,SUBMISSION,VOLCANIC_ROCK_VOUCHER_9750,SEASHELLS,190,14
25800,Caesar,SUBMISSION,VOLCANIC_ROCK_VOUCHER_9750,SEASHELLS,190,1
25900,Camilla,SUBMISSION,VOLCANIC_ROCK_VOUCHER_10000,SEASHELLS,38,17
25900,Caesar,SUBMISSION,VOLCANIC_ROCK_VOUCHER_10000,SEASHELLS,38,1
25900,SUBMISSION,Camilla,VOLCANIC_ROCK_VOUCHER_9750,SEASHELLS,188,17
25900,SUBMISSION,Caesar,VOLCANIC_ROCK_VOUCHER_9750,SEASHELLS,188,1
26000,Camilla,SUBMISSION,VOLCANIC_ROCK_VOUCHER_10000,SEASHELLS,37,19
26000,Caesar,SUBMISSION,VOLCANIC_ROCK_VOUCHER_10000,SEASHELLS,37,1
26000,SUBMISSION,Camilla,VOLCANIC_ROCK_VOUCHER_9750,SEASHELLS,186,19
26000,SUBMISSION,Caesar,VOLCANIC_ROCK_VOUCHER_9750,SEASHELLS,186,1
26100,Camilla,SUBMISSION,VOLCANIC_ROCK_VOUCHER_10250,SEASHELLS,3,2
26100,SUBMISSION,Camilla,VOLCANIC_ROCK_VOUCHER_9750,SEASHELLS,187,20
26300,SUBMISSION,Camilla,VOLCANIC_ROCK_VOUCHER_10000,SEASHELLS,32,20
26300,SUBMISSION,Caesar,VOLCANIC_ROCK_VOUCHER_10000,SEASHELLS,32,2
26300,SUBMISSION,Caesar,VOLCANIC_ROCK_VOUCHER_10000,SEASHELLS,32,0
26300,Camilla,SUBMISSION,VOLCANIC_ROCK_VOUCHER_9750,SEASHELLS,191,20
26300,Caesar,SUBMISSION,VOLCANIC_ROCK_VOUCHER_9750,SEASHELLS,191,2
26400,SUBMISSION,Camilla,VOLCANIC_ROCK_VOUCHER_10250,SEASHELLS,4,2
26400,Camilla,SUBMISSION,VOLCANIC_ROCK_VOUCHER_9750,SEASHELLS,187,13
26400,Caesar,SUBMISSION,VOLCANIC_ROCK_VOUCHER_9750,SEASHELLS,187,2
26500,Camilla,SUBMISSION,VOLCANIC_ROCK_VOUCHER_10000,SEASHELLS,34,18
26500,Camilla,SUBMISSION,VOLCANIC_ROCK_VOUCHER_9750,SEASHELLS,185,18
26600,Camilla,SUBMISSION,VOLCANIC_ROCK_VOUCHER_10000,SEASHELLS,35,12
26600,Caesar,SUBMISSION,VOLCANIC_ROCK_VOUCHER_10000,SEASHELLS,35,2
26600,Camilla,SUBMISSION,VOLCANIC_ROCK_VOUCHER_9750,SEASHELLS,186,12
26600,Caesar,SUBMISSION,VOLCANIC_ROCK_VOUCHER_9750,SEASHELLS,186,2
26700,Camilla,SUBMISSION,VOLCANIC_ROCK_VOUCHER_10000,SEASHELLS,34,3
26700,Camilla,SUBMISSION,VOLCANIC_ROCK_VOUCHER_9750,SEASHELLS,185,6
27400,SUBMISSION,Camilla,VOLCANIC_ROCK_VOUCHER_10000,SEASHELLS,29,11
27400,SUBMISSION,Caesar,VOLCANIC_ROCK_VOUCHER_10000,SEASHELLS,29,1
27500,Camilla,SUBMISSION,VOLCANIC_ROCK_VOUCHER_10000,SEASHELLS,31,12
27700,SUBMISSION,Camilla,VOLCANIC_ROCK_VOUCHER_10000,SEASHELLS,29,10
27700,SUBMISSION,Caesar,VOLCANIC_ROCK_VOUCHER_10000,SEASHELLS,29,1
27800,Camilla,SUBMISSION,VOLCANIC_ROCK_VOUCHER_10000,SEASHELLS,33,11
28000,SUBMISSION,Camilla,VOLCANIC_ROCK_VOUCHER_10000,SEASHELLS,30,11
28000,SUBMISSION,Caesar,VOLCANIC_ROCK_VOUCHER_10000,SEASHELLS,30,2
28100,Camilla,SUBMISSION,VOLCANIC_ROCK_VOUCHER_10000,SEASHELLS,31,13
28200,SUBMISSION,Camilla,VOLCANIC_ROCK_VOUCHER_10000,SEASHELLS,30,17
28200,SUBMISSION,Caesar,VOLCANIC_ROCK_VOUCHER_10000,SEASHELLS,30,2
28300,SUBMISSION,Camilla,VOLCANIC_ROCK_VOUCHER_10000,SEASHELLS,31,16
28300,SUBMISSION,Caesar,VOLCANIC_ROCK_VOUCHER_10000,SEASHELLS,31,1
28500,Camilla,SUBMISSION,VOLCANIC_ROCK_VOUCHER_10000,SEASHELLS,29,15
28500,Caesar,SUBMISSION,VOLCANIC_ROCK_VOUCHER_10000,SEASHELLS,29,1
28600,SUBMISSION,Camilla,VOLCANIC_ROCK_VOUCHER_9750,SEASHELLS,171,15
28600,SUBMISSION,Caesar,VOLCANIC_ROCK_VOUCHER_9750,SEASHELLS,171,2
28600,SUBMISSION,Caesar,VOLCANIC_ROCK_VOUCHER_9750,SEASHELLS,171,0
28700,Camilla,SUBMISSION,VOLCANIC_ROCK_VOUCHER_10000,SEASHELLS,29,16
28700,Caesar,SUBMISSION,VOLCANIC_ROCK_VOUCHER_10000,SEASHELLS,29,1
28700,Caesar,SUBMISSION,VOLCANIC_ROCK_VOUCHER_10000,SEASHELLS,29,3
28700,SUBMISSION,Camilla,VOLCANIC_ROCK_VOUCHER_9750,SEASHELLS,172,16
28700,SUBMISSION,Caesar,VOLCANIC_ROCK_VOUCHER_9750,SEASHELLS,172,1
28800,SUBMISSION,Camilla,VOLCANIC_ROCK_VOUCHER_10000,SEASHELLS,29,13
28800,Camilla,SUBMISSION,VOLCANIC_ROCK_VOUCHER_9750,SEASHELLS,174,13
28900,Camilla,SUBMISSION,VOLCANIC_ROCK_VOUCHER_10000,SEASHELLS,31,13
28900,Camilla,SUBMISSION,VOLCANIC_ROCK_VOUCHER_9750,SEASHELLS,172,15
29000,Camilla,SUBMISSION,VOLCANIC_ROCK_VOUCHER_9750,SEASHELLS,170,6
29100,SUBMISSION,Camilla,VOLCANIC_ROCK_VOUCHER_10000,SEASHELLS,29,13
29200,Camilla,SUBMISSION,VOLCANIC_ROCK_VOUCHER_10000,SEASHELLS,28,13
29400,SUBMISSION,Camilla,VOLCANIC_ROCK_VOUCHER_10000,SEASHELLS,25,11
29600,SUBMISSION,Camilla,VOLCANIC_ROCK_VOUCHER_10000,SEASHELLS,28,10
29600,SUBMISSION,Caesar,VOLCANIC_ROCK_VOUCHER_10000,SEASHELLS,28,1
29700,Camilla,SUBMISSION,VOLCANIC_ROCK_VOUCHER_10000,SEASHELLS,27,17
29700,Caesar,SUBMISSION,VOLCANIC_ROCK_VOUCHER_10000,SEASHELLS,27,1
29800,Camilla,SUBMISSION,VOLCANIC_ROCK_VOUCHER_10000,SEASHELLS,29,4
29900,SUBMISSION,Camilla,VOLCANIC_ROCK_VOUCHER_10000,SEASHELLS,30,10
30100,SUBMISSION,Camilla,VOLCANIC_ROCK_VOUCHER_10000,SEASHELLS,27,13
30100,SUBMISSION,Caesar,VOLCANIC_ROCK_VOUCHER_10000,SEASHELLS,27,1
30200,SUBMISSION,Camilla,VOLCANIC_ROCK_VOUCHER_10000,SEASHELLS,26,18
30200,SUBMISSION,Caesar,VOLCANIC_ROCK_VOUCHER_10000,SEASHELLS,26,2
30300,Camilla,SUBMISSION,VOLCANIC_ROCK_VOUCHER_10000,SEASHELLS,30,11
30300,Caesar,SUBMISSION,VOLCANIC_ROCK_VOUCHER_10000,SEASHELLS,30,2
30500,Camilla,SUBMISSION,VOLCANIC_ROCK_VOUCHER_10000,SEASHELLS,28,10
30700,Camilla,SUBMISSION,VOLCANIC_ROCK_VOUCHER_10000,SEASHELLS,31,15
30800,Camilla,SUBMISSION,VOLCANIC_ROCK_VOUCHER_10000,SEASHELLS,30,6
31000,SUBMISSION,Camilla,VOLCANIC_ROCK_VOUCHER_10000,SEASHELLS,29,20
31000,SUBMISSION,Caesar,VOLCANIC_ROCK_VOUCHER_10000,SEASHELLS,29,1
31100,Camilla,SUBMISSION,VOLCANIC_ROCK_VOUCHER_10000,SEASHELLS,30,16
31100,Caesar,SUBMISSION,VOLCANIC_ROCK_VOUCHER_10000,SEASHELLS,30,1
31300,SUBMISSION,Camilla,VOLCANIC_ROCK_VOUCHER_10000,SEASHELLS,27,11
31400,Camilla,SUBMISSION,VOLCANIC_ROCK_VOUCHER_10000,SEASHELLS,28,15
31400,SUBMISSION,Camilla,VOLCANIC_ROCK_VOUCHER_9750,SEASHELLS,168,16
31400,SUBMISSION,Caesar,VOLCANIC_ROCK_VOUCHER_9750,SEASHELLS,168,2
31700,SUBMISSION,Camilla,VOLCANIC_ROCK_VOUCHER_10000,SEASHELLS,29,13
31700,Camilla,SUBMISSION,VOLCANIC_ROCK_VOUCHER_9750,SEASHELLS,171,13
31800,SUBMISSION,Camilla,VOLCANIC_ROCK_VOUCHER_10000,SEASHELLS,28,17
31800,SUBMISSION,Caesar,VOLCANIC_ROCK_VOUCHER_10000,SEASHELLS,28,2
31800,Camilla,SUBMISSION,VOLCANIC_ROCK_VOUCHER_9750,SEASHELLS,169,5
32000,Camilla,SUBMISSION,VOLCANIC_ROCK_VOUCHER_10000,SEASHELLS,28,16
32000,SUBMISSION,Camilla,VOLCANIC_ROCK_VOUCHER_9750,SEASHELLS,166,16
32100,Camilla,SUBMISSION,VOLCANIC_ROCK_VOUCHER_9750,SEASHELLS,167,16
32200,Camilla,SUBMISSION,VOLCANIC_ROCK_VOUCHER_10000,SEASHELLS,30,16
32500,SUBMISSION,Camilla,VOLCANIC_ROCK_VOUCHER_10000,SEASHELLS,27,16
32600,Camilla,SUBMISSION,VOLCANIC_ROCK_VOUCHER_10000,SEASHELLS,27,13
32600,Caesar,SUBMISSION,VOLCANIC_ROCK_VOUCHER_10000,SEASHELLS,27,3
32600,SUBMISSION,Camilla,VOLCANIC_ROCK_VOUCHER_9750,SEASHELLS,164,13
32700,Camilla,SUBMISSION,VOLCANIC_ROCK_VOUCHER_9750,SEASHELLS,166,13
33000,SUBMISSION,Camilla,VOLCANIC_ROCK_VOUCHER_9750,SEASHELLS,166,13
33000,SUBMISSION,Caesar,VOLCANIC_ROCK_VOUCHER_9750,SEASHELLS,166,1
33100,Camilla,SUBMISSION,VOLCANIC_ROCK_VOUCHER_9750,SEASHELLS,168,12
33100,Caesar,SUBMISSION,VOLCANIC_ROCK_VOUCHER_9750,SEASHELLS,168,2
33200,SUBMISSION,Camilla,VOLCANIC_ROCK_VOUCHER_10000,SEASHELLS,28,14
33200,SUBMISSION,Caesar,VOLCANIC_ROCK_VOUCHER_10000,SEASHELLS,28,2
33300,Camilla,SUBMISSION,VOLCANIC_ROCK_VOUCHER_10000,SEASHELLS,32,16
33300,SUBMISSION,Camilla,VOLCANIC_ROCK_VOUCHER_9750,SEASHELLS,170,17
33300,SUBMISSION,Caesar,VOLCANIC_ROCK_VOUCHER_9750,SEASHELLS,170,2
33500,Camilla,SUBMISSION,VOLCANIC_ROCK_VOUCHER_9750,SEASHELLS,168,10
33600,SUBMISSION,Camilla,VOLCANIC_ROCK_VOUCHER_9750,SEASHELLS,166,18
33700,Camilla,SUBMISSION,VOLCANIC_ROCK_VOUCHER_9750,SEASHELLS,165,17
33700,Caesar,SUBMISSION,VOLCANIC_ROCK_VOUCHER_9750,SEASHELLS,165,1
33800,Camilla,SUBMISSION,VOLCANIC_ROCK_VOUCHER_9750,SEASHELLS,166,9
33900,SUBMISSION,Camilla,VOLCANIC_ROCK_VOUCHER_10000,SEASHELLS,26,14
33900,SUBMISSION,Caesar,VOLCANIC_ROCK_VOUCHER_10000,SEASHELLS,26,2
34000,Camilla,SUBMISSION,VOLCANIC_ROCK_VOUCHER_10000,SEASHELLS,27,16
34600,SUBMISSION,Camilla,VOLCANIC_ROCK_VOUCHER_9750,SEASHELLS,164,14
34700,SUBMISSION,Camilla,VOLCANIC_ROCK_VOUCHER_10000,SEASHELLS,25,14
34700,SUBMISSION,Caesar,VOLCANIC_ROCK_VOUCHER_10000,SEASHELLS,25,1
34700,Camilla,SUBMISSION,VOLCANIC_ROCK_VOUCHER_9750,SEASHELLS,164,14
34800,Camilla,SUBMISSION,VOLCANIC_ROCK_VOUCHER_10000,SEASHELLS,29,15
34900,SUBMISSION,Camilla,VOLCANIC_ROCK_VOUCHER_9750,SEASHELLS,164,10
35000,SUBMISSION,Camilla,VOLCANIC_ROCK_VOUCHER_10000,SEASHELLS,28,16
35000,SUBMISSION,Caesar,VOLCANIC_ROCK_VOUCHER_10000,SEASHELLS,28,2
35000,Camilla,SUBMISSION,VOLCANIC_ROCK_VOUCHER_9750,SEASHELLS,167,10
35100,Camilla,SUBMISSION,VOLCANIC_ROCK_VOUCHER_10000,SEASHELLS,32,17
35100,Caesar,SUBMISSION,VOLCANIC_ROCK_VOUCHER_10000,SEASHELLS,32,1
37500,SUBMISSION,Camilla,VOLCANIC_ROCK_VOUCHER_9750,SEASHELLS,179,14
37700,Camilla,SUBMISSION,VOLCANIC_ROCK_VOUCHER_9750,SEASHELLS,181,13
37700,Caesar,SUBMISSION,VOLCANIC_ROCK_VOUCHER_9750,SEASHELLS,181,1
38000,SUBMISSION,Camilla,VOLCANIC_ROCK_VOUCHER_10000,SEASHELLS,31,19
38000,SUBMISSION,Caesar,VOLCANIC_ROCK_VOUCHER_10000,SEASHELLS,31,2
38100,SUBMISSION,Camilla,VOLCANIC_ROCK_VOUCHER_10000,SEASHELLS,31,12
38100,SUBMISSION,Caesar,VOLCANIC_ROCK_VOUCHER_10000,SEASHELLS,31,1
38200,Camilla,SUBMISSION,VOLCANIC_ROCK_VOUCHER_10000,SEASHELLS,34,14
38200,Caesar,SUBMISSION,VOLCANIC_ROCK_VOUCHER_10000,SEASHELLS,34,2
38300,Camilla,SUBMISSION,VOLCANIC_ROCK_VOUCHER_10000,SEASHELLS,33,18
38400,SUBMISSION,Camilla,VOLCANIC_ROCK_VOUCHER_10000,SEASHELLS,34,19
38500,SUBMISSION,Camilla,VOLCANIC_ROCK_VOUCHER_10000,SEASHELLS,36,19
38500,SUBMISSION,Caesar,VOLCANIC_ROCK_VOUCHER_10000,SEASHELLS,36,2
38600,Camilla,SUBMISSION,VOLCANIC_ROCK_VOUCHER_10000,SEASHELLS,36,14
38600,Caesar,SUBMISSION,VOLCANIC_ROCK_VOUCHER_10000,SEASHELLS,36,1
38800,SUBMISSION,Camilla,VOLCANIC_ROCK_VOUCHER_10000,SEASHELLS,32,20
38900,SUBMISSION,Camilla,VOLCANIC_ROCK_VOUCHER_10000,SEASHELLS,33,16
39100,SUBMISSION,Camilla,VOLCANIC_ROCK_VOUCHER_10000,SEASHELLS,36,13
39200,Camilla,SUBMISSION,VOLCANIC_ROCK_VOUCHER_10000,SEASHELLS,39,15
39200,Caesar,SUBMISSION,VOLCANIC_ROCK_VOUCHER_10000,SEASHELLS,39,1
39200,SUBMISSION,Camilla,VOLCANIC_ROCK_VOUCHER_9750,SEASHELLS,191,15
39200,SUBMISSION,Caesar,VOLCANIC_ROCK_VOUCHER_9750,SEASHELLS,191,1
39300,Camilla,SUBMISSION,VOLCANIC_ROCK_VOUCHER_10000,SEASHELLS,39,15
39300,Caesar,SUBMISSION,VOLCANIC_ROCK_VOUCHER_10000,SEASHELLS,39,2
39400,Camilla,SUBMISSION,VOLCANIC_ROCK_VOUCHER_10000,SEASHELLS,40,11
39400,SUBMISSION,Camilla,VOLCANIC_ROCK_VOUCHER_9750,SEASHELLS,191,11
39500,Camilla,SUBMISSION,VOLCANIC_ROCK_VOUCHER_10000,SEASHELLS,36,13
39500,Caesar,SUBMISSION,VOLCANIC_ROCK_VOUCHER_10000,SEASHELLS,36,2
39500,SUBMISSION,Camilla,VOLCANIC_ROCK_VOUCHER_9750,SEASHELLS,190,13
39500,SUBMISSION,Caesar,VOLCANIC_ROCK_VOUCHER_9750,SEASHELLS,190,2
39600,Camilla,SUBMISSION,VOLCANIC_ROCK_VOUCHER_9750,SEASHELLS,192,10
39600,Caesar,SUBMISSION,VOLCANIC_ROCK_VOUCHER_9750,SEASHELLS,192,2
39700,SUBMISSION,Camilla,VOLCANIC_ROCK_VOUCHER_10000,SEASHELLS,37,20
39700,SUBMISSION,Caesar,VOLCANIC_ROCK_VOUCHER_10000,SEASHELLS,37,1
39700,Camilla,SUBMISSION,VOLCANIC_ROCK_VOUCHER_10250,SEASHELLS,3,10
39700,Caesar,SUBMISSION,VOLCANIC_ROCK_VOUCHER_10250,SEASHELLS,3,1
39800,Camilla,SUBMISSION,VOLCANIC_ROCK_VOUCHER_10000,SEASHELLS,38,14
39800,Caesar,SUBMISSION,VOLCANIC_ROCK_VOUCHER_10000,SEASHELLS,38,1
39800,SUBMISSION,Camilla,VOLCANIC_ROCK_VOUCHER_9750,SEASHELLS,191,14
39800,SUBMISSION,Caesar,VOLCANIC_ROCK_VOUCHER_9750,SEASHELLS,191,1
39900,SUBMISSION,Camilla,VOLCANIC_ROCK_VOUCHER_10000,SEASHELLS,35,20
39900,SUBMISSION,Caesar,VOLCANIC_ROCK_VOUCHER_10000,SEASHELLS,35,1
40000,Camilla,SUBMISSION,VOLCANIC_ROCK_VOUCHER_10000,SEASHELLS,39,19
40100,Camilla,SUBMISSION,VOLCANIC_ROCK_VOUCHER_10000,SEASHELLS,38,12
40100,SUBMISSION,Camilla,VOLCANIC_ROCK_VOUCHER_10250,SEASHELLS,4,11
40100,Camilla,SUBMISSION,VOLCANIC_ROCK_VOUCHER_9750,SEASHELLS,189,12
40200,SUBMISSION,Camilla,VOLCANIC_ROCK_VOUCHER_10000,SEASHELLS,36,19
40200,SUBMISSION,Caesar,VOLCANIC_ROCK_VOUCHER_10000,SEASHELLS,36,1
40200,Camilla,SUBMISSION,VOLCANIC_ROCK_VOUCHER_9750,SEASHELLS,191,19
40200,Caesar,SUBMISSION,VOLCANIC_ROCK_VOUCHER_9750,SEASHELLS,191,1
40300,SUBMISSION,Camilla,VOLCANIC_ROCK_VOUCHER_10000,SEASHELLS,35,20
40300,Camilla,SUBMISSION,VOLCANIC_ROCK_VOUCHER_10250,SEASHELLS,3,7
40400,Camilla,SUBMISSION,VOLCANIC_ROCK_VOUCHER_9750,SEASHELLS,191,7
40400,Caesar,SUBMISSION,VOLCANIC_ROCK_VOUCHER_9750,SEASHELLS,191,6
40500,Camilla,SUBMISSION,VOLCANIC_ROCK_VOUCHER_10000,SEASHELLS,38,13
40500,Caesar,SUBMISSION,VOLCANIC_ROCK_VOUCHER_10000,SEASHELLS,38,1
40500,SUBMISSION,Camilla,VOLCANIC_ROCK_VOUCHER_9750,SEASHELLS,186,13
40500,SUBMISSION,Caesar,VOLCANIC_ROCK_VOUCHER_9750,SEASHELLS,186,1
40600,Camilla,SUBMISSION,VOLCANIC_ROCK_VOUCHER_9750,SEASHELLS,189,11
40700,SUBMISSION,Camilla,VOLCANIC_ROCK_VOUCHER_10000,SEASHELLS,36,12
40700,SUBMISSION,Caesar,VOLCANIC_ROCK_VOUCHER_10000,SEASHELLS,36,1
40700,SUBMISSION,Camilla,VOLCANIC_ROCK_VOUCHER_9750,SEASHELLS,190,12
40700,SUBMISSION,Caesar,VOLCANIC_ROCK_VOUCHER_9750,SEASHELLS,190,1
40800,SUBMISSION,Camilla,VOLCANIC_ROCK_VOUCHER_10000,SEASHELLS,37,19
40800,Camilla,SUBMISSION,VOLCANIC_ROCK_VOUCHER_9750,SEASHELLS,192,16
40900,SUBMISSION,Camilla,VOLCANIC_ROCK_VOUCHER_10000,SEASHELLS,36,11
40900,SUBMISSION,Caesar,VOLCANIC_ROCK_VOUCHER_10000,SEASHELLS,36,2
41000,SUBMISSION,Camilla,VOLCANIC_ROCK_VOUCHER_10000,SEASHELLS,35,20
41000,SUBMISSION,Caesar,VOLCANIC_ROCK_VOUCHER_10000,SEASHELLS,35,2
41100,SUBMISSION,Camilla,VOLCANIC_ROCK_VOUCHER_10000,SEASHELLS,32,13
41100,SUBMISSION,Caesar,VOLCANIC_ROCK_VOUCHER_10000,SEASHELLS,32,1
41100,SUBMISSION,Caesar,VOLCANIC_ROCK_VOUCHER_10000,SEASHELLS,32,0
41200,SUBMISSION,Camilla,VOLCANIC_ROCK_VOUCHER_10250,SEASHELLS,4,7
41300,SUBMISSION,Camilla,VOLCANIC_ROCK_VOUCHER_10000,SEASHELLS,35,17
41300,SUBMISSION,Caesar,VOLCANIC_ROCK_VOUCHER_10000,SEASHELLS,35,2
41400,SUBMISSION,Camilla,VOLCANIC_ROCK_VOUCHER_10000,SEASHELLS,37,14
41500,SUBMISSION,Camilla,VOLCANIC_ROCK_VOUCHER_10000,SEASHELLS,38,12
41500,SUBMISSION,Caesar,VOLCANIC_ROCK_VOUCHER_10000,SEASHELLS,38,2
41600,Camilla,SUBMISSION,VOLCANIC_ROCK_VOUCHER_10000,SEASHELLS,39,20
41600,Caesar,SUBMISSION,VOLCANIC_ROCK_VOUCHER_10000,SEASHELLS,39,1
41700,SUBMISSION,Camilla,VOLCANIC_ROCK_VOUCHER_10000,SEASHELLS,37,13
41700,SUBMISSION,Caesar,VOLCANIC_ROCK_VOUCHER_10000,SEASHELLS,37,1
41900,SUBMISSION,Camilla,VOLCANIC_ROCK_VOUCHER_10000,SEASHELLS,40,11
41900,SUBMISSION,Caesar,VOLCANIC_ROCK_VOUCHER_10000,SEASHELLS,40,1
42100,Camilla,SUBMISSION,VOLCANIC_ROCK_VOUCHER_10000,SEASHELLS,38,15
42100,SUBMISSION,Camilla,VOLCANIC_ROCK_VOUCHER_9750,SEASHELLS,197,15
42200,Camilla,SUBMISSION,VOLCANIC_ROCK_VOUCHER_9750,SEASHELLS,198,15
42300,SUBMISSION,Camilla,VOLCANIC_ROCK_VOUCHER_10000,SEASHELLS,36,10
42300,SUBMISSION,Caesar,VOLCANIC_ROCK_VOUCHER_10000,SEASHELLS,36,2
42300,SUBMISSION,Caesar,VOLCANIC_ROCK_VOUCHER_10000,SEASHELLS,36,0
42400,Camilla,SUBMISSION,VOLCANIC_ROCK_VOUCHER_10000,SEASHELLS,38,19
42400,Caesar,SUBMISSION,VOLCANIC_ROCK_VOUCHER_10000,SEASHELLS,38,1
42700,SUBMISSION,Camilla,VOLCANIC_ROCK_VOUCHER_10000,SEASHELLS,38,15
42700,SUBMISSION,Caesar,VOLCANIC_ROCK_VOUCHER_10000,SEASHELLS,38,1
42900,Camilla,SUBMISSION,VOLCANIC_ROCK_VOUCHER_10000,SEASHELLS,38,14
42900,SUBMISSION,Camilla,VOLCANIC_ROCK_VOUCHER_9750,SEASHELLS,197,14
43000,SUBMISSION,Camilla,VOLCANIC_ROCK_VOUCHER_10000,SEASHELLS,38,16
43000,Camilla,SUBMISSION,VOLCANIC_ROCK_VOUCHER_9750,SEASHELLS,198,14
43100,SUBMISSION,Camilla,VOLCANIC_ROCK_VOUCHER_10000,SEASHELLS,37,15
43100,SUBMISSION,Caesar,VOLCANIC_ROCK_VOUCHER_10000,SEASHELLS,37,2
43200,SUBMISSION,Camilla,VOLCANIC_ROCK_VOUCHER_10000,SEASHELLS,36,18
43300,Camilla,SUBMISSION,VOLCANIC_ROCK_VOUCHER_10000,SEASHELLS,42,11
43400,Camilla,SUBMISSION,VOLCANIC_ROCK_VOUCHER_10000,SEASHELLS,42,17
43400,Caesar,SUBMISSION,VOLCANIC_ROCK_VOUCHER_10000,SEASHELLS,42,2
43500,SUBMISSION,Camilla,VOLCANIC_ROCK_VOUCHER_10000,SEASHELLS,38,14
43500,SUBMISSION,Caesar,VOLCANIC_ROCK_VOUCHER_10000,SEASHELLS,38,1
43700,Camilla,SUBMISSION,VOLCANIC_ROCK_VOUCHER_10000,SEASHELLS,39,15
43800,SUBMISSION,Camilla,VOLCANIC_ROCK_VOUCHER_10000,SEASHELLS,38,17
43800,SUBMISSION,Caesar,VOLCANIC_ROCK_VOUCHER_10000,SEASHELLS,38,2
43900,Camilla,SUBMISSION,VOLCANIC_ROCK_VOUCHER_10000,SEASHELLS,41,15
43900,Caesar,SUBMISSION,VOLCANIC_ROCK_VOUCHER_10000,SEASHELLS,41,2
44400,SUBMISSION,Camilla,VOLCANIC_ROCK_VOUCHER_10000,SEASHELLS,34,19
44400,SUBMISSION,Caesar,VOLCANIC_ROCK_VOUCHER_10000,SEASHELLS,34,2
44500,SUBMISSION,Camilla,VOLCANIC_ROCK_VOUCHER_10000,SEASHELLS,38,7
44700,Camilla,SUBMISSION,VOLCANIC_ROCK_VOUCHER_10000,SEASHELLS,40,12
44700,Caesar,SUBMISSION,VOLCANIC_ROCK_VOUCHER_10000,SEASHELLS,40,2
44900,Camilla,SUBMISSION,VOLCANIC_ROCK_VOUCHER_10000,SEASHELLS,40,14
44900,Caesar,SUBMISSION,VOLCANIC_ROCK_VOUCHER_10000,SEASHELLS,40,1
44900,SUBMISSION,Camilla,VOLCANIC_ROCK_VOUCHER_9750,SEASHELLS,199,14
44900,SUBMISSION,Caesar,VOLCANIC_ROCK_VOUCHER_9750,SEASHELLS,199,1
45000,Camilla,SUBMISSION,VOLCANIC_ROCK_VOUCHER_10000,SEASHELLS,41,17
45000,SUBMISSION,Camilla,VOLCANIC_ROCK_VOUCHER_9750,SEASHELLS,200,17
45200,Camilla,SUBMISSION,VOLCANIC_ROCK_VOUCHER_9750,SEASHELLS,207,18
45200,Caesar,SUBMISSION,VOLCANIC_ROCK_VOUCHER_9750,SEASHELLS,207,2
45200,Caesar,SUBMISSION,VOLCANIC_ROCK_VOUCHER_9750,SEASHELLS,207,12
45300,SUBMISSION,Camilla,VOLCANIC_ROCK_VOUCHER_10000,SEASHELLS,38,14
45300,SUBMISSION,Caesar,VOLCANIC_ROCK_VOUCHER_10000,SEASHELLS,38,2
45500,Camilla,SUBMISSION,VOLCANIC_ROCK_VOUCHER_10000,SEASHELLS,41,14
45500,Caesar,SUBMISSION,VOLCANIC_ROCK_VOUCHER_10000,SEASHELLS,41,2
45500,SUBMISSION,Camilla,VOLCANIC_ROCK_VOUCHER_9750,SEASHELLS,207,14
45500,SUBMISSION,Caesar,VOLCANIC_ROCK_VOUCHER_9750,SEASHELLS,207,2
45700,Camilla,SUBMISSION,VOLCANIC_ROCK_VOUCHER_10000,SEASHELLS,42,15
45700,Caesar,SUBMISSION,VOLCANIC_ROCK_VOUCHER_10000,SEASHELLS,42,1
45700,SUBMISSION,Camilla,VOLCANIC_ROCK_VOUCHER_9750,SEASHELLS,205,15
45700,SUBMISSION,Caesar,VOLCANIC_ROCK_VOUCHER_9750,SEASHELLS,205,1
45800,SUBMISSION,Camilla,VOLCANIC_ROCK_VOUCHER_10000,SEASHELLS,40,20
45800,Camilla,SUBMISSION,VOLCANIC_ROCK_VOUCHER_9750,SEASHELLS,204,14
45900,Camilla,SUBMISSION,VOLCANIC_ROCK_VOUCHER_10000,SEASHELLS,46,16
45900,Caesar,SUBMISSION,VOLCANIC_ROCK_VOUCHER_10000,SEASHELLS,46,1
45900,SUBMISSION,Camilla,VOLCANIC_ROCK_VOUCHER_9750,SEASHELLS,204,16
45900,SUBMISSION,Caesar,VOLCANIC_ROCK_VOUCHER_9750,SEASHELLS,204,1
46000,Camilla,SUBMISSION,VOLCANIC_ROCK_VOUCHER_10000,SEASHELLS,42,18
46000,Caesar,SUBMISSION,VOLCANIC_ROCK_VOUCHER_10000,SEASHELLS,42,1
46100,SUBMISSION,Camilla,VOLCANIC_ROCK_VOUCHER_10000,SEASHELLS,41,14
46100,Camilla,SUBMISSION,VOLCANIC_ROCK_VOUCHER_9750,SEASHELLS,205,14
46200,Camilla,SUBMISSION,VOLCANIC_ROCK_VOUCHER_9750,SEASHELLS,205,15
46300,Camilla,SUBMISSION,VOLCANIC_ROCK_VOUCHER_10000,SEASHELLS,41,15
46400,Camilla,SUBMISSION,VOLCANIC_ROCK_VOUCHER_10000,SEASHELLS,41,20
46400,Caesar,SUBMISSION,VOLCANIC_ROCK_VOUCHER_10000,SEASHELLS,41,2
46500,SUBMISSION,Camilla,VOLCANIC_ROCK_VOUCHER_10000,SEASHELLS,37,16
46500,SUBMISSION,Caesar,VOLCANIC_ROCK_VOUCHER_10000,SEASHELLS,37,2
46500,Camilla,SUBMISSION,VOLCANIC_ROCK_VOUCHER_9750,SEASHELLS,203,6
46700,SUBMISSION,Camilla,VOLCANIC_ROCK_VOUCHER_10000,SEASHELLS,35,14
46700,Camilla,SUBMISSION,VOLCANIC_ROCK_VOUCHER_10250,SEASHELLS,3,1
46900,SUBMISSION,Camilla,VOLCANIC_ROCK_VOUCHER_10000,SEASHELLS,41,11
46900,SUBMISSION,Caesar,VOLCANIC_ROCK_VOUCHER_10000,SEASHELLS,41,1
47000,Camilla,SUBMISSION,VOLCANIC_ROCK_VOUCHER_10000,SEASHELLS,41,19
47000,Caesar,SUBMISSION,VOLCANIC_ROCK_VOUCHER_10000,SEASHELLS,41,1
47100,SUBMISSION,Camilla,VOLCANIC_ROCK_VOUCHER_10000,SEASHELLS,41,18
47200,SUBMISSION,Camilla,VOLCANIC_ROCK_VOUCHER_10000,SEASHELLS,41,20
47200,SUBMISSION,Caesar,VOLCANIC_ROCK_VOUCHER_10000,SEASHELLS,41,1
47200,SUBMISSION,Caesar,VOLCANIC_ROCK_VOUCHER_10000,SEASHELLS,41,0
47200,SUBMISSION,Camilla,VOLCANIC_ROCK_VOUCHER_10250,SEASHELLS,4,1
47300,Camilla,SUBMISSION,VOLCANIC_ROCK_VOUCHER_10000,SEASHELLS,45,10
47300,Caesar,SUBMISSION,VOLCANIC_ROCK_VOUCHER_10000,SEASHELLS,45,1
47400,Camilla,SUBMISSION,VOLCANIC_ROCK_VOUCHER_10000,SEASHELLS,42,13
47400,Caesar,SUBMISSION,VOLCANIC_ROCK_VOUCHER_10000,SEASHELLS,42,2
47500,Camilla,SUBMISSION,VOLCANIC_ROCK_VOUCHER_10000,SEASHELLS,43,12
47500,Caesar,SUBMISSION,VOLCANIC_ROCK_VOUCHER_10000,SEASHELLS,43,2
47600,Camilla,SUBMISSION,VOLCANIC_ROCK_VOUCHER_10000,SEASHELLS,44,19
47600,Caesar,SUBMISSION,VOLCANIC_ROCK_VOUCHER_10000,SEASHELLS,44,1
47700,Camilla,SUBMISSION,VOLCANIC_ROCK_VOUCHER_10000,SEASHELLS,42,16
47800,SUBMISSION,Camilla,VOLCANIC_ROCK_VOUCHER_10000,SEASHELLS,42,11
47800,SUBMISSION,Caesar,VOLCANIC_ROCK_VOUCHER_10000,SEASHELLS,42,2
48100,Camilla,SUBMISSION,VOLCANIC_ROCK_VOUCHER_10000,SEASHELLS,44,11
48100,Caesar,SUBMISSION,VOLCANIC_ROCK_VOUCHER_10000,SEASHELLS,44,1
48200,SUBMISSION,Camilla,VOLCANIC_ROCK_VOUCHER_10000,SEASHELLS,41,17
48200,SUBMISSION,Caesar,VOLCANIC_ROCK_VOUCHER_10000,SEASHELLS,41,1
48300,Camilla,SUBMISSION,VOLCANIC_ROCK_VOUCHER_10000,SEASHELLS,46,17
48300,Caesar,SUBMISSION,VOLCANIC_ROCK_VOUCHER_10000,SEASHELLS,46,1
48400,SUBMISSION,Camilla,VOLCANIC_ROCK_VOUCHER_10000,SEASHELLS,43,16
48400,SUBMISSION,Caesar,VOLCANIC_ROCK_VOUCHER_10000,SEASHELLS,43,2
48500,SUBMISSION,Camilla,VOLCANIC_ROCK_VOUCHER_10000,SEASHELLS,40,12
48600,Camilla,SUBMISSION,VOLCANIC_ROCK_VOUCHER_10000,SEASHELLS,48,18
48600,Caesar,SUBMISSION,VOLCANIC_ROCK_VOUCHER_10000,SEASHELLS,48,1
48600,SUBMISSION,Camilla,VOLCANIC_ROCK_VOUCHER_9750,SEASHELLS,218,18
48600,SUBMISSION,Caesar,VOLCANIC_ROCK_VOUCHER_9750,SEASHELLS,218,1
48700,Camilla,SUBMISSION,VOLCANIC_ROCK_VOUCHER_10000,SEASHELLS,48,19
48700,Caesar,SUBMISSION,VOLCANIC_ROCK_VOUCHER_10000,SEASHELLS,48,1
48700,Caesar,SUBMISSION,VOLCANIC_ROCK_VOUCHER_10000,SEASHELLS,48,16
48800,Camilla,SUBMISSION,VOLCANIC_ROCK_VOUCHER_10000,SEASHELLS,45,14
48800,Caesar,SUBMISSION,VOLCANIC_ROCK_VOUCHER_10000,SEASHELLS,45,14
48800,Camilla,SUBMISSION,VOLCANIC_ROCK_VOUCHER_10250,SEASHELLS,4,14
48800,Caesar,SUBMISSION,VOLCANIC_ROCK_VOUCHER_10250,SEASHELLS,4,14
48800,SUBMISSION,Camilla,VOLCANIC_ROCK_VOUCHER_9750,SEASHELLS,215,14
48900,SUBMISSION,Camilla,VOLCANIC_ROCK_VOUCHER_10000,SEASHELLS,44,11
48900,SUBMISSION,Caesar,VOLCANIC_ROCK_VOUCHER_10000,SEASHELLS,44,2
48900,SUBMISSION,Camilla,VOLCANIC_ROCK_VOUCHER_10250,SEASHELLS,4,11
48900,SUBMISSION,Caesar,VOLCANIC_ROCK_VOUCHER_10250,SEASHELLS,4,2
48900,Camilla,SUBMISSION,VOLCANIC_ROCK_VOUCHER_9750,SEASHELLS,215,11
48900,Caesar,SUBMISSION,VOLCANIC_ROCK_VOUCHER_9750,SEASHELLS,215,2
49000,SUBMISSION,Camilla,VOLCANIC_ROCK_VOUCHER_10250,SEASHELLS,5,11
49000,Camilla,SUBMISSION,VOLCANIC_ROCK_VOUCHER_9750,SEASHELLS,217,11
49100,Camilla,SUBMISSION,VOLCANIC_ROCK_VOUCHER_10000,SEASHELLS,47,11
49100,Caesar,SUBMISSION,VOLCANIC_ROCK_VOUCHER_10000,SEASHELLS,47,2
49100,SUBMISSION,Camilla,VOLCANIC_ROCK_VOUCHER_10250,SEASHELLS,4,4
49100,Camilla,SUBMISSION,VOLCANIC_ROCK_VOUCHER_9750,SEASHELLS,215,9
49200,SUBMISSION,Camilla,VOLCANIC_ROCK_VOUCHER_10000,SEASHELLS,44,19
49300,Camilla,SUBMISSION,VOLCANIC_ROCK_VOUCHER_10000,SEASHELLS,46,13
49400,SUBMISSION,Camilla,VOLCANIC_ROCK_VOUCHER_10000,SEASHELLS,38,13
49800,Camilla,SUBMISSION,VOLCANIC_ROCK_VOUCHER_10000,SEASHELLS,46,13
49800,Caesar,SUBMISSION,VOLCANIC_ROCK_VOUCHER_10000,SEASHELLS,46,1
49900,Camilla,SUBMISSION,VOLCANIC_ROCK_VOUCHER_10000,SEASHELLS,45,13
49900,Caesar,SUBMISSION,VOLCANIC_ROCK_VOUCHER_10000,SEASHELLS,45,2
50000,Camilla,SUBMISSION,VOLCANIC_ROCK_VOUCHER_10000,SEASHELLS,46,12
50000,Caesar,SUBMISSION,VOLCANIC_ROCK_VOUCHER_10000,SEASHELLS,46,1
50100,Camilla,SUBMISSION,VOLCANIC_ROCK_VOUCHER_10000,SEASHELLS,45,11
50300,SUBMISSION,Camilla,VOLCANIC_ROCK_VOUCHER_10000,SEASHELLS,42,18
50300,SUBMISSION,Caesar,VOLCANIC_ROCK_VOUCHER_10000,SEASHELLS,42,2
50400,Camilla,SUBMISSION,VOLCANIC_ROCK_VOUCHER_10000,SEASHELLS,41,10
50400,Caesar,SUBMISSION,VOLCANIC_ROCK_VOUCHER_10000,SEASHELLS,41,2
50400,Caesar,SUBMISSION,VOLCANIC_ROCK_VOUCHER_10000,SEASHELLS,41,8
50400,SUBMISSION,Camilla,VOLCANIC_ROCK_VOUCHER_9750,SEASHELLS,207,10
50400,SUBMISSION,Caesar,VOLCANIC_ROCK_VOUCHER_9750,SEASHELLS,207,2
50600,Camilla,SUBMISSION,VOLCANIC_ROCK_VOUCHER_9750,SEASHELLS,212,11
50600,Caesar,SUBMISSION,VOLCANIC_ROCK_VOUCHER_9750,SEASHELLS,212,1
51000,SUBMISSION,Camilla,VOLCANIC_ROCK_VOUCHER_10000,SEASHELLS,42,14
51100,Camilla,SUBMISSION,VOLCANIC_ROCK_VOUCHER_10000,SEASHELLS,42,14
51200,SUBMISSION,Camilla,VOLCANIC_ROCK_VOUCHER_10000,SEASHELLS,42,19
51200,SUBMISSION,Caesar,VOLCANIC_ROCK_VOUCHER_10000,SEASHELLS,42,1
51300,SUBMISSION,Camilla,VOLCANIC_ROCK_VOUCHER_10000,SEASHELLS,40,20
51300,SUBMISSION,Caesar,VOLCANIC_ROCK_VOUCHER_10000,SEASHELLS,40,1
51500,SUBMISSION,Camilla,VOLCANIC_ROCK_VOUCHER_10000,SEASHELLS,41,16
51500,SUBMISSION,Caesar,VOLCANIC_ROCK_VOUCHER_10000,SEASHELLS,41,2
51700,Camilla,SUBMISSION,VOLCANIC_ROCK_VOUCHER_10000,SEASHELLS,47,13
51700,Caesar,SUBMISSION,VOLCANIC_ROCK_VOUCHER_10000,SEASHELLS,47,1
51700,SUBMISSION,Camilla,VOLCANIC_ROCK_VOUCHER_9750,SEASHELLS,214,13
51700,SUBMISSION,Caesar,VOLCANIC_ROCK_VOUCHER_9750,SEASHELLS,214,1
51800,Camilla,SUBMISSION,VOLCANIC_ROCK_VOUCHER_10000,SEASHELLS,46,13
51900,Camilla,SUBMISSION,VOLCANIC_ROCK_VOUCHER_9750,SEASHELLS,212,14
52000,SUBMISSION,Camilla,VOLCANIC_ROCK_VOUCHER_9750,SEASHELLS,211,15
52100,SUBMISSION,Camilla,VOLCANIC_ROCK_VOUCHER_10000,SEASHELLS,43,13
52100,SUBMISSION,Caesar,VOLCANIC_ROCK_VOUCHER_10000,SEASHELLS,43,1
52100,Camilla,SUBMISSION,VOLCANIC_ROCK_VOUCHER_9750,SEASHELLS,214,13
52100,Caesar,SUBMISSION,VOLCANIC_ROCK_VOUCHER_9750,SEASHELLS,214,1
52200,SUBMISSION,Camilla,VOLCANIC_ROCK_VOUCHER_10000,SEASHELLS,44,11
52300,SUBMISSION,Camilla,VOLCANIC_ROCK_VOUCHER_10000,SEASHELLS,43,19
52300,SUBMISSION,Caesar,VOLCANIC_ROCK_VOUCHER_10000,SEASHELLS,43,1
52300,Camilla,SUBMISSION,VOLCANIC_ROCK_VOUCHER_9750,SEASHELLS,217,1
52500,SUBMISSION,Camilla,VOLCANIC_ROCK_VOUCHER_10000,SEASHELLS,43,11
52500,SUBMISSION,Caesar,VOLCANIC_ROCK_VOUCHER_10000,SEASHELLS,43,1
52500,SUBMISSION,Caesar,VOLCANIC_ROCK_VOUCHER_10000,SEASHELLS,43,0
52700,SUBMISSION,Camilla,VOLCANIC_ROCK_VOUCHER_10000,SEASHELLS,44,16
52700,SUBMISSION,Caesar,VOLCANIC_ROCK_VOUCHER_10000,SEASHELLS,44,1
52800,SUBMISSION,Camilla,VOLCANIC_ROCK_VOUCHER_9750,SEASHELLS,216,12
52800,SUBMISSION,Caesar,VOLCANIC_ROCK_VOUCHER_9750,SEASHELLS,216,2
52900,SUBMISSION,Camilla,VOLCANIC_ROCK_VOUCHER_10000,SEASHELLS,46,14
52900,SUBMISSION,Caesar,VOLCANIC_ROCK_VOUCHER_10000,SEASHELLS,46,2
53000,Camilla,SUBMISSION,VOLCANIC_ROCK_VOUCHER_10000,SEASHELLS,45,16
53000,Caesar,SUBMISSION,VOLCANIC_ROCK_VOUCHER_10000,SEASHELLS,45,1
53100,Camilla,SUBMISSION,VOLCANIC_ROCK_VOUCHER_10000,SEASHELLS,45,20
53200,Camilla,SUBMISSION,VOLCANIC_ROCK_VOUCHER_10000,SEASHELLS,41,17
53200,Caesar,SUBMISSION,VOLCANIC_ROCK_VOUCHER_10000,SEASHELLS,41,1
53400,Camilla,SUBMISSION,VOLCANIC_ROCK_VOUCHER_10000,SEASHELLS,48,17
53400,Caesar,SUBMISSION,VOLCANIC_ROCK_VOUCHER_10000,SEASHELLS,48,2
53400,SUBMISSION,Camilla,VOLCANIC_ROCK_VOUCHER_9750,SEASHELLS,213,17
53400,SUBMISSION,Caesar,VOLCANIC_ROCK_VOUCHER_9750,SEASHELLS,213,2
53500,Camilla,SUBMISSION,VOLCANIC_ROCK_VOUCHER_10000,SEASHELLS,43,17
53500,Caesar,SUBMISSION,VOLCANIC_ROCK_VOUCHER_10000,SEASHELLS,43,1
53500,Camilla,SUBMISSION,VOLCANIC_ROCK_VOUCHER_9750,SEASHELLS,208,17
53500,Caesar,SUBMISSION,VOLCANIC_ROCK_VOUCHER_9750,SEASHELLS,208,1
53600,Camilla,SUBMISSION,VOLCANIC_ROCK_VOUCHER_10000,SEASHELLS,44,15
53600,Caesar,SUBMISSION,VOLCANIC_ROCK_VOUCHER_10000,SEASHELLS,44,2
53700,Camilla,SUBMISSION,VOLCANIC_ROCK_VOUCHER_10000,SEASHELLS,42,13
53700,SUBMISSION,Camilla,VOLCANIC_ROCK_VOUCHER_9750,SEASHELLS,210,13
53800,SUBMISSION,Camilla,VOLCANIC_ROCK_VOUCHER_10000,SEASHELLS,42,16
53800,SUBMISSION,Caesar,VOLCANIC_ROCK_VOUCHER_10000,SEASHELLS,42,1
53800,Caesar,SUBMISSION,VOLCANIC_ROCK_VOUCHER_9750,SEASHELLS,210,1
53900,Camilla,SUBMISSION,VOLCANIC_ROCK_VOUCHER_10000,SEASHELLS,43,17
53900,SUBMISSION,Camilla,VOLCANIC_ROCK_VOUCHER_9750,SEASHELLS,209,20
54000,SUBMISSION,Camilla,VOLCANIC_ROCK_VOUCHER_10000,SEASHELLS,43,18
54000,Camilla,SUBMISSION,VOLCANIC_ROCK_VOUCHER_9750,SEASHELLS,210,18
54100,Camilla,SUBMISSION,VOLCANIC_ROCK_VOUCHER_10000,SEASHELLS,48,12
54200,Camilla,SUBMISSION,VOLCANIC_ROCK_VOUCHER_10000,SEASHELLS,46,6
54300,SUBMISSION,Camilla,VOLCANIC_ROCK_VOUCHER_10000,SEASHELLS,43,17
54400,Camilla,SUBMISSION,VOLCANIC_ROCK_VOUCHER_10000,SEASHELLS,45,17
54400,Camilla,SUBMISSION,VOLCANIC_ROCK_VOUCHER_9750,SEASHELLS,209,19
54400,Caesar,SUBMISSION,VOLCANIC_ROCK_VOUCHER_9750,SEASHELLS,209,1
54500,SUBMISSION,Camilla,VOLCANIC_ROCK_VOUCHER_9750,SEASHELLS,205,15
54500,SUBMISSION,Caesar,VOLCANIC_ROCK_VOUCHER_9750,SEASHELLS,205,2
54600,SUBMISSION,Camilla,VOLCANIC_ROCK_VOUCHER_9750,SEASHELLS,211,11
54600,SUBMISSION,Caesar,VOLCANIC_ROCK_VOUCHER_9750,SEASHELLS,211,1
54700,Camilla,SUBMISSION,VOLCANIC_ROCK_VOUCHER_9750,SEASHELLS,208,13
54700,Caesar,SUBMISSION,VOLCANIC_ROCK_VOUCHER_9750,SEASHELLS,208,2
54900,Camilla,SUBMISSION,VOLCANIC_ROCK_VOUCHER_9750,SEASHELLS,211,11
54900,Caesar,SUBMISSION,VOLCANIC_ROCK_VOUCHER_9750,SEASHELLS,211,1
55000,Camilla,SUBMISSION,VOLCANIC_ROCK_VOUCHER_9750,SEASHELLS,208,11
55200,SUBMISSION,Camilla,VOLCANIC_ROCK_VOUCHER_9750,SEASHELLS,209,15
55200,SUBMISSION,Caesar,VOLCANIC_ROCK_VOUCHER_9750,SEASHELLS,209,1
55300,SUBMISSION,Camilla,VOLCANIC_ROCK_VOUCHER_9750,SEASHELLS,211,12
55300,SUBMISSION,Caesar,VOLCANIC_ROCK_VOUCHER_9750,SEASHELLS,211,2
55400,SUBMISSION,Camilla,VOLCANIC_ROCK_VOUCHER_9750,SEASHELLS,211,20
55800,SUBMISSION,Camilla,VOLCANIC_ROCK_VOUCHER_9750,SEASHELLS,209,11
55800,SUBMISSION,Caesar,VOLCANIC_ROCK_VOUCHER_9750,SEASHELLS,209,1
56000,Camilla,SUBMISSION,VOLCANIC_ROCK_VOUCHER_9750,SEASHELLS,209,13
56000,Caesar,SUBMISSION,VOLCANIC_ROCK_VOUCHER_9750,SEASHELLS,209,2
56200,SUBMISSION,Camilla,VOLCANIC_ROCK_VOUCHER_10000,SEASHELLS,41,12
56200,SUBMISSION,Caesar,VOLCANIC_ROCK_VOUCHER_10000,SEASHELLS,41,1
56200,Camilla,SUBMISSION,VOLCANIC_ROCK_VOUCHER_9750,SEASHELLS,210,12
56200,Caesar,SUBMISSION,VOLCANIC_ROCK_VOUCHER_9750,SEASHELLS,210,1
56300,Camilla,SUBMISSION,VOLCANIC_ROCK_VOUCHER_10000,SEASHELLS,46,13
56300,SUBMISSION,Camilla,VOLCANIC_ROCK_VOUCHER_9750,SEASHELLS,212,15
56300,SUBMISSION,Caesar,VOLCANIC_ROCK_VOUCHER_9750,SEASHELLS,212,2
56400,SUBMISSION,Camilla,VOLCANIC_ROCK_VOUCHER_10000,SEASHELLS,42,12
56400,Camilla,SUBMISSION,VOLCANIC_ROCK_VOUCHER_9750,SEASHELLS,208,12
56500,Camilla,SUBMISSION,VOLCANIC_ROCK_VOUCHER_10000,SEASHELLS,42,12
56600,SUBMISSION,Camilla,VOLCANIC_ROCK_VOUCHER_10000,SEASHELLS,41,12
56600,Camilla,SUBMISSION,VOLCANIC_ROCK_VOUCHER_9750,SEASHELLS,210,12
56700,SUBMISSION,Camilla,VOLCANIC_ROCK_VOUCHER_10000,SEASHELLS,43,16
56700,SUBMISSION,Caesar,VOLCANIC_ROCK_VOUCHER_10000,SEASHELLS,43,2
56700,Camilla,SUBMISSION,VOLCANIC_ROCK_VOUCHER_9750,SEASHELLS,210,16
56700,Caesar,SUBMISSION,VOLCANIC_ROCK_VOUCHER_9750,SEASHELLS,210,2
56700,Caesar,SUBMISSION,VOLCANIC_ROCK_VOUCHER_9750,SEASHELLS,210,9
56800,Camilla,SUBMISSION,VOLCANIC_ROCK_VOUCHER_10000,SEASHELLS,45,18
56800,Caesar,SUBMISSION,VOLCANIC_ROCK_VOUCHER_10000,SEASHELLS,45,2
56900,SUBMISSION,Camilla,VOLCANIC_ROCK_VOUCHER_10000,SEASHELLS,41,15
56900,SUBMISSION,Caesar,VOLCANIC_ROCK_VOUCHER_10000,SEASHELLS,41,2
57200,Camilla,SUBMISSION,VOLCANIC_ROCK_VOUCHER_10000,SEASHELLS,44,12
57200,Caesar,SUBMISSION,VOLCANIC_ROCK_VOUCHER_10000,SEASHELLS,44,1
57300,SUBMISSION,Camilla,VOLCANIC_ROCK_VOUCHER_10000,SEASHELLS,38,20
57400,SUBMISSION,Camilla,VOLCANIC_ROCK_VOUCHER_10000,SEASHELLS,38,16
57400,SUBMISSION,Caesar,VOLCANIC_ROCK_VOUCHER_10000,SEASHELLS,38,1
57500,SUBMISSION,Camilla,VOLCANIC_ROCK_VOUCHER_10000,SEASHELLS,39,17
57500,SUBMISSION,Caesar,VOLCANIC_ROCK_VOUCHER_10000,SEASHELLS,39,2
57600,SUBMISSION,Camilla,VOLCANIC_ROCK_VOUCHER_10000,SEASHELLS,38,10
57600,SUBMISSION,Caesar,VOLCANIC_ROCK_VOUCHER_10000,SEASHELLS,38,1
57700,Camilla,SUBMISSION,VOLCANIC_ROCK_VOUCHER_10000,SEASHELLS,43,14
57700,Caesar,SUBMISSION,VOLCANIC_ROCK_VOUCHER_10000,SEASHELLS,43,1
57800,Camilla,SUBMISSION,VOLCANIC_ROCK_VOUCHER_10000,SEASHELLS,43,19
58200,SUBMISSION,Camilla,VOLCANIC_ROCK_VOUCHER_10000,SEASHELLS,39,10
58300,Camilla,SUBMISSION,VOLCANIC_ROCK_VOUCHER_10000,SEASHELLS,42,5
58300,Caesar,SUBMISSION,VOLCANIC_ROCK_VOUCHER_10000,SEASHELLS,42,1
58300,SUBMISSION,Camilla,VOLCANIC_ROCK_VOUCHER_9750,SEASHELLS,203,16
58300,SUBMISSION,Caesar,VOLCANIC_ROCK_VOUCHER_9750,SEASHELLS,203,1
58400,Camilla,SUBMISSION,VOLCANIC_ROCK_VOUCHER_10000,SEASHELLS,39,10
58500,Camilla,SUBMISSION,VOLCANIC_ROCK_VOUCHER_10000,SEASHELLS,38,14
58600,Camilla,SUBMISSION,VOLCANIC_ROCK_VOUCHER_10000,SEASHELLS,41,18
58600,Caesar,SUBMISSION,VOLCANIC_ROCK_VOUCHER_10000,SEASHELLS,41,2
58700,Camilla,SUBMISSION,VOLCANIC_ROCK_VOUCHER_10000,SEASHELLS,38,7
58800,SUBMISSION,Camilla,VOLCANIC_ROCK_VOUCHER_10000,SEASHELLS,36,16
58800,SUBMISSION,Caesar,VOLCANIC_ROCK_VOUCHER_10000,SEASHELLS,36,2
58800,Camilla,SUBMISSION,VOLCANIC_ROCK_VOUCHER_9750,SEASHELLS,197,16
58800,Caesar,SUBMISSION,VOLCANIC_ROCK_VOUCHER_9750,SEASHELLS,197,1
58900,SUBMISSION,Camilla,VOLCANIC_ROCK_VOUCHER_10000,SEASHELLS,37,14
58900,SUBMISSION,Caesar,VOLCANIC_ROCK_VOUCHER_10000,SEASHELLS,37,2
59000,Camilla,SUBMISSION,VOLCANIC_ROCK_VOUCHER_10000,SEASHELLS,43,17
59000,Caesar,SUBMISSION,VOLCANIC_ROCK_VOUCHER_10000,SEASHELLS,43,1
59000,SUBMISSION,Camilla,VOLCANIC_ROCK_VOUCHER_9750,SEASHELLS,200,17
59000,SUBMISSION,Caesar,VOLCANIC_ROCK_VOUCHER_9750,SEASHELLS,200,1
59100,Camilla,SUBMISSION,VOLCANIC_ROCK_VOUCHER_10000,SEASHELLS,39,14
59100,Caesar,SUBMISSION,VOLCANIC_ROCK_VOUCHER_10000,SEASHELLS,39,1
59200,Camilla,SUBMISSION,VOLCANIC_ROCK_VOUCHER_10000,SEASHELLS,40,1
59300,SUBMISSION,Camilla,VOLCANIC_ROCK_VOUCHER_10000,SEASHELLS,37,14
59300,SUBMISSION,Caesar,VOLCANIC_ROCK_VOUCHER_10000,SEASHELLS,37,1
59300,Camilla,SUBMISSION,VOLCANIC_ROCK_VOUCHER_9750,SEASHELLS,199,14
59300,Caesar,SUBMISSION,VOLCANIC_ROCK_VOUCHER_9750,SEASHELLS,199,1
59400,Camilla,SUBMISSION,VOLCANIC_ROCK_VOUCHER_10000,SEASHELLS,39,15
59700,SUBMISSION,Camilla,VOLCANIC_ROCK_VOUCHER_10000,SEASHELLS,39,18
59700,SUBMISSION,Caesar,VOLCANIC_ROCK_VOUCHER_10000,SEASHELLS,39,1
59700,Camilla,SUBMISSION,VOLCANIC_ROCK_VOUCHER_9750,SEASHELLS,199,3
59800,Camilla,SUBMISSION,VOLCANIC_ROCK_VOUCHER_10000,SEASHELLS,40,18
59800,Caesar,SUBMISSION,VOLCANIC_ROCK_VOUCHER_10000,SEASHELLS,40,1
60000,SUBMISSION,Camilla,VOLCANIC_ROCK_VOUCHER_9750,SEASHELLS,195,18
60000,SUBMISSION,Caesar,VOLCANIC_ROCK_VOUCHER_9750,SEASHELLS,195,2
60100,SUBMISSION,Camilla,VOLCANIC_ROCK_VOUCHER_10000,SEASHELLS,37,19
60100,SUBMISSION,Caesar,VOLCANIC_ROCK_VOUCHER_10000,SEASHELLS,37,2
60100,Camilla,SUBMISSION,VOLCANIC_ROCK_VOUCHER_9750,SEASHELLS,197,19
60100,Caesar,SUBMISSION,VOLCANIC_ROCK_VOUCHER_9750,SEASHELLS,197,1
60200,Camilla,SUBMISSION,VOLCANIC_ROCK_VOUCHER_10000,SEASHELLS,38,14
60200,Caesar,SUBMISSION,VOLCANIC_ROCK_VOUCHER_10000,SEASHELLS,38,1
60300,Camilla,SUBMISSION,VOLCANIC_ROCK_VOUCHER_10000,SEASHELLS,38,6
60500,SUBMISSION,Caesar,VOLCANIC_ROCK_VOUCHER_10000,SEASHELLS,35,8
60600,Camilla,SUBMISSION,VOLCANIC_ROCK_VOUCHER_10000,SEASHELLS,39,8
60700,SUBMISSION,Camilla,VOLCANIC_ROCK_VOUCHER_9750,SEASHELLS,196,16
60700,SUBMISSION,Caesar,VOLCANIC_ROCK_VOUCHER_9750,SEASHELLS,196,1
60800,SUBMISSION,Camilla,VOLCANIC_ROCK_VOUCHER_9750,SEASHELLS,198,20
60800,SUBMISSION,Caesar,VOLCANIC_ROCK_VOUCHER_9750,SEASHELLS,198,1
60900,SUBMISSION,Camilla,VOLCANIC_ROCK_VOUCHER_9750,SEASHELLS,198,11
60900,SUBMISSION,Caesar,VOLCANIC_ROCK_VOUCHER_9750,SEASHELLS,198,1
61000,Camilla,SUBMISSION,VOLCANIC_ROCK_VOUCHER_9750,SEASHELLS,199,15
61000,Caesar,SUBMISSION,VOLCANIC_ROCK_VOUCHER_9750,SEASHELLS,199,2
61200,SUBMISSION,Camilla,VOLCANIC_ROCK_VOUCHER_9750,SEASHELLS,206,16
61200,SUBMISSION,Caesar,VOLCANIC_ROCK_VOUCHER_9750,SEASHELLS,206,1
61300,SUBMISSION,Camilla,VOLCANIC_ROCK_VOUCHER_9750,SEASHELLS,208,14
61300,SUBMISSION,Caesar,VOLCANIC_ROCK_VOUCHER_9750,SEASHELLS,208,1
61500,SUBMISSION,Camilla,VOLCANIC_ROCK_VOUCHER_10000,SEASHELLS,39,17
61500,Camilla,SUBMISSION,VOLCANIC_ROCK_VOUCHER_9750,SEASHELLS,203,17
61600,SUBMISSION,Caesar,VOLCANIC_ROCK_VOUCHER_10000,SEASHELLS,36,1
61700,Camilla,SUBMISSION,VOLCANIC_ROCK_VOUCHER_10000,SEASHELLS,44,18
61700,SUBMISSION,Camilla,VOLCANIC_ROCK_VOUCHER_9750,SEASHELLS,203,20
61700,SUBMISSION,Caesar,VOLCANIC_ROCK_VOUCHER_9750,SEASHELLS,203,2
61800,Caesar,SUBMISSION,VOLCANIC_ROCK_VOUCHER_10250,SEASHELLS,3,2
61800,SUBMISSION,Camilla,VOLCANIC_ROCK_VOUCHER_9750,SEASHELLS,203,13
61800,SUBMISSION,Caesar,VOLCANIC_ROCK_VOUCHER_9750,SEASHELLS,203,2
61900,SUBMISSION,Camilla,VOLCANIC_ROCK_VOUCHER_10250,SEASHELLS,4,2
62100,SUBMISSION,Camilla,VOLCANIC_ROCK_VOUCHER_10000,SEASHELLS,38,10
62100,SUBMISSION,Caesar,VOLCANIC_ROCK_VOUCHER_10000,SEASHELLS,38,2
62100,Camilla,SUBMISSION,VOLCANIC_ROCK_VOUCHER_9750,SEASHELLS,204,10
62100,Caesar,SUBMISSION,VOLCANIC_ROCK_VOUCHER_9750,SEASHELLS,204,2
62200,Camilla,SUBMISSION,VOLCANIC_ROCK_VOUCHER_9750,SEASHELLS,205,19
62300,Camilla,SUBMISSION,VOLCANIC_ROCK_VOUCHER_10000,SEASHELLS,41,12
62400,Camilla,SUBMISSION,VOLCANIC_ROCK_VOUCHER_9750,SEASHELLS,206,20
62500,SUBMISSION,Camilla,VOLCANIC_ROCK_VOUCHER_10000,SEASHELLS,39,16
62500,Camilla,SUBMISSION,VOLCANIC_ROCK_VOUCHER_9750,SEASHELLS,205,16
62500,Pablo,SUBMISSION,VOLCANIC_ROCK_VOUCHER_9750,SEASHELLS,205,13
62600,Camilla,SUBMISSION,VOLCANIC_ROCK_VOUCHER_9750,SEASHELLS,204,5
62700,Camilla,SUBMISSION,VOLCANIC_ROCK_VOUCHER_10000,SEASHELLS,41,16
63400,SUBMISSION,Camilla,VOLCANIC_ROCK_VOUCHER_10000,SEASHELLS,35,14
63400,SUBMISSION,Caesar,VOLCANIC_ROCK_VOUCHER_10000,SEASHELLS,35,2
63500,Camilla,SUBMISSION,VOLCANIC_ROCK_VOUCHER_10000,SEASHELLS,39,11
63600,SUBMISSION,Camilla,VOLCANIC_ROCK_VOUCHER_9750,SEASHELLS,197,15
63800,Camilla,SUBMISSION,VOLCANIC_ROCK_VOUCHER_10000,SEASHELLS,40,5
63800,Camilla,SUBMISSION,VOLCANIC_ROCK_VOUCHER_9750,SEASHELLS,196,15
63900,SUBMISSION,Camilla,VOLCANIC_ROCK_VOUCHER_10000,SEASHELLS,40,17
64100,SUBMISSION,Camilla,VOLCANIC_ROCK_VOUCHER_10000,SEASHELLS,37,15
64200,SUBMISSION,Camilla,VOLCANIC_ROCK_VOUCHER_10000,SEASHELLS,36,12
64200,SUBMISSION,Caesar,VOLCANIC_ROCK_VOUCHER_10000,SEASHELLS,36,2
64300,SUBMISSION,Camilla,VOLCANIC_ROCK_VOUCHER_10000,SEASHELLS,36,18
64300,SUBMISSION,Caesar,VOLCANIC_ROCK_VOUCHER_10000,SEASHELLS,36,2
64400,Camilla,SUBMISSION,VOLCANIC_ROCK_VOUCHER_10000,SEASHELLS,39,13
64400,Caesar,SUBMISSION,VOLCANIC_ROCK_VOUCHER_10000,SEASHELLS,39,2
64400,SUBMISSION,Camilla,VOLCANIC_ROCK_VOUCHER_9750,SEASHELLS,193,13
64400,SUBMISSION,Caesar,VOLCANIC_ROCK_VOUCHER_9750,SEASHELLS,193,2
64500,SUBMISSION,Camilla,VOLCANIC_ROCK_VOUCHER_10000,SEASHELLS,36,14
64500,SUBMISSION,Caesar,VOLCANIC_ROCK_VOUCHER_10000,SEASHELLS,36,2
64500,Camilla,SUBMISSION,VOLCANIC_ROCK_VOUCHER_9750,SEASHELLS,195,14
64500,Caesar,SUBMISSION,VOLCANIC_ROCK_VOUCHER_9750,SEASHELLS,195,1
64600,Camilla,SUBMISSION,VOLCANIC_ROCK_VOUCHER_10000,SEASHELLS,40,17
64600,Caesar,SUBMISSION,VOLCANIC_ROCK_VOUCHER_10000,SEASHELLS,40,2
64700,SUBMISSION,Camilla,VOLCANIC_ROCK_VOUCHER_10000,SEASHELLS,38,11
64800,SUBMISSION,Camilla,VOLCANIC_ROCK_VOUCHER_10000,SEASHELLS,38,16
64900,SUBMISSION,Camilla,VOLCANIC_ROCK_VOUCHER_10000,SEASHELLS,40,16
64900,SUBMISSION,Caesar,VOLCANIC_ROCK_VOUCHER_10000,SEASHELLS,40,2
65200,SUBMISSION,Camilla,VOLCANIC_ROCK_VOUCHER_10000,SEASHELLS,36,19
65200,SUBMISSION,Caesar,VOLCANIC_ROCK_VOUCHER_10000,SEASHELLS,36,1
65200,SUBMISSION,Caesar,VOLCANIC_ROCK_VOUCHER_10000,SEASHELLS,36,0
65300,SUBMISSION,Camilla,VOLCANIC_ROCK_VOUCHER_10000,SEASHELLS,41,16
65300,SUBMISSION,Caesar,VOLCANIC_ROCK_VOUCHER_10000,SEASHELLS,41,2
65400,SUBMISSION,Camilla,VOLCANIC_ROCK_VOUCHER_10000,SEASHELLS,40,15
65400,SUBMISSION,Caesar,VOLCANIC_ROCK_VOUCHER_10000,SEASHELLS,40,2
65500,Camilla,SUBMISSION,VOLCANIC_ROCK_VOUCHER_10000,SEASHELLS,42,16
65500,Caesar,SUBMISSION,VOLCANIC_ROCK_VOUCHER_10000,SEASHELLS,42,2
65600,SUBMISSION,Camilla,VOLCANIC_ROCK_VOUCHER_10000,SEASHELLS,40,16
65600,SUBMISSION,Caesar,VOLCANIC_ROCK_VOUCHER_10000,SEASHELLS,40,1
65700,Camilla,SUBMISSION,VOLCANIC_ROCK_VOUCHER_10000,SEASHELLS,43,14
65700,Caesar,SUBMISSION,VOLCANIC_ROCK_VOUCHER_10000,SEASHELLS,43,2
65800,SUBMISSION,Camilla,VOLCANIC_ROCK_VOUCHER_10000,SEASHELLS,41,18
65800,SUBMISSION,Caesar,VOLCANIC_ROCK_VOUCHER_10000,SEASHELLS,41,1
65900,Camilla,SUBMISSION,VOLCANIC_ROCK_VOUCHER_10000,SEASHELLS,48,13
65900,Caesar,SUBMISSION,VOLCANIC_ROCK_VOUCHER_10000,SEASHELLS,48,1
65900,SUBMISSION,Camilla,VOLCANIC_ROCK_VOUCHER_9750,SEASHELLS,213,13
65900,SUBMISSION,Caesar,VOLCANIC_ROCK_VOUCHER_9750,SEASHELLS,213,1
66100,SUBMISSION,Camilla,VOLCANIC_ROCK_VOUCHER_10000,SEASHELLS,50,17
66100,Camilla,SUBMISSION,VOLCANIC_ROCK_VOUCHER_9750,SEASHELLS,225,14
66200,Camilla,SUBMISSION,VOLCANIC_ROCK_VOUCHER_10000,SEASHELLS,50,18
66200,Caesar,SUBMISSION,VOLCANIC_ROCK_VOUCHER_10000,SEASHELLS,50,1
66200,SUBMISSION,Camilla,VOLCANIC_ROCK_VOUCHER_9750,SEASHELLS,227,18
66200,SUBMISSION,Caesar,VOLCANIC_ROCK_VOUCHER_9750,SEASHELLS,227,1
66300,SUBMISSION,Camilla,VOLCANIC_ROCK_VOUCHER_10000,SEASHELLS,46,18
66300,SUBMISSION,Caesar,VOLCANIC_ROCK_VOUCHER_10000,SEASHELLS,46,2
66400,SUBMISSION,Camilla,VOLCANIC_ROCK_VOUCHER_10000,SEASHELLS,46,11
66400,Camilla,SUBMISSION,VOLCANIC_ROCK_VOUCHER_9750,SEASHELLS,217,11
66500,SUBMISSION,Camilla,VOLCANIC_ROCK_VOUCHER_10000,SEASHELLS,43,15
66500,SUBMISSION,Caesar,VOLCANIC_ROCK_VOUCHER_10000,SEASHELLS,43,1
66500,Camilla,SUBMISSION,VOLCANIC_ROCK_VOUCHER_10250,SEASHELLS,4,15
66500,Caesar,SUBMISSION,VOLCANIC_ROCK_VOUCHER_10250,SEASHELLS,4,1
66500,SUBMISSION,Camilla,VOLCANIC_ROCK_VOUCHER_9750,SEASHELLS,214,15
66500,SUBMISSION,Caesar,VOLCANIC_ROCK_VOUCHER_9750,SEASHELLS,214,1
66700,Camilla,SUBMISSION,VOLCANIC_ROCK_VOUCHER_10000,SEASHELLS,49,15
66700,SUBMISSION,Camilla,VOLCANIC_ROCK_VOUCHER_10250,SEASHELLS,5,15
66800,SUBMISSION,Camilla,VOLCANIC_ROCK_VOUCHER_10000,SEASHELLS,45,13
66900,SUBMISSION,Camilla,VOLCANIC_ROCK_VOUCHER_10000,SEASHELLS,45,12
66900,SUBMISSION,Caesar,VOLCANIC_ROCK_VOUCHER_10000,SEASHELLS,45,1
66900,SUBMISSION,Caesar,VOLCANIC_ROCK_VOUCHER_10000,SEASHELLS,45,0
66900,SUBMISSION,Camilla,VOLCANIC_ROCK_VOUCHER_10250,SEASHELLS,5,1
66900,Camilla,SUBMISSION,VOLCANIC_ROCK_VOUCHER_9750,SEASHELLS,217,12
66900,Caesar,SUBMISSION,VOLCANIC_ROCK_VOUCHER_9750,SEASHELLS,217,1
67000,SUBMISSION,Camilla,VOLCANIC_ROCK_VOUCHER_10000,SEASHELLS,46,8
67000,Camilla,SUBMISSION,VOLCANIC_ROCK_VOUCHER_9750,SEASHELLS,220,11
67300,Camilla,SUBMISSION,VOLCANIC_ROCK_VOUCHER_10000,SEASHELLS,48,12
67500,SUBMISSION,Camilla,VOLCANIC_ROCK_VOUCHER_10000,SEASHELLS,42,12
67800,SUBMISSION,Camilla,VOLCANIC_ROCK_VOUCHER_10000,SEASHELLS,44,12
67900,Camilla,SUBMISSION,VOLCANIC_ROCK_VOUCHER_10000,SEASHELLS,47,14
67900,Caesar,SUBMISSION,VOLCANIC_ROCK_VOUCHER_10000,SEASHELLS,47,2
67900,SUBMISSION,Camilla,VOLCANIC_ROCK_VOUCHER_9750,SEASHELLS,216,14
67900,SUBMISSION,Caesar,VOLCANIC_ROCK_VOUCHER_9750,SEASHELLS,216,2
68000,Camilla,SUBMISSION,VOLCANIC_ROCK_VOUCHER_9750,SEASHELLS,216,12
68000,Caesar,SUBMISSION,VOLCANIC_ROCK_VOUCHER_9750,SEASHELLS,216,2
68100,Camilla,SUBMISSION,VOLCANIC_ROCK_VOUCHER_10000,SEASHELLS,48,11
68100,Caesar,SUBMISSION,VOLCANIC_ROCK_VOUCHER_10000,SEASHELLS,48,1
68100,SUBMISSION,Camilla,VOLCANIC_ROCK_VOUCHER_9750,SEASHELLS,216,11
68100,SUBMISSION,Caesar,VOLCANIC_ROCK_VOUCHER_9750,SEASHELLS,216,1
68200,SUBMISSION,Camilla,VOLCANIC_ROCK_VOUCHER_9750,SEASHELLS,217,13
68200,SUBMISSION,Caesar,VOLCANIC_ROCK_VOUCHER_9750,SEASHELLS,217,2
68300,Camilla,SUBMISSION,VOLCANIC_ROCK_VOUCHER_10000,SEASHELLS,49,20
68300,SUBMISSION,Camilla,VOLCANIC_ROCK_VOUCHER_9750,SEASHELLS,222,20
68400,Camilla,SUBMISSION,VOLCANIC_ROCK_VOUCHER_10000,SEASHELLS,49,12
68400,Caesar,SUBMISSION,VOLCANIC_ROCK_VOUCHER_10000,SEASHELLS,49,1
68400,SUBMISSION,Camilla,VOLCANIC_ROCK_VOUCHER_9750,SEASHELLS,220,12
68400,SUBMISSION,Caesar,VOLCANIC_ROCK_VOUCHER_9750,SEASHELLS,220,1
68500,Camilla,SUBMISSION,VOLCANIC_ROCK_VOUCHER_10000,SEASHELLS,47,11
68500,Caesar,SUBMISSION,VOLCANIC_ROCK_VOUCHER_10000,SEASHELLS,47,1
68600,Camilla,SUBMISSION,VOLCANIC_ROCK_VOUCHER_10000,SEASHELLS,49,13
68600,Caesar,SUBMISSION,VOLCANIC_ROCK_VOUCHER_10000,SEASHELLS,49,2
68600,SUBMISSION,Camilla,VOLCANIC_ROCK_VOUCHER_9750,SEASHELLS,219,13
68600,SUBMISSION,Caesar,VOLCANIC_ROCK_VOUCHER_9750,SEASHELLS,219,2
68800,Camilla,SUBMISSION,VOLCANIC_ROCK_VOUCHER_10000,SEASHELLS,47,15
68800,Caesar,SUBMISSION,VOLCANIC_ROCK_VOUCHER_10000,SEASHELLS,47,2
69000,SUBMISSION,Camilla,VOLCANIC_ROCK_VOUCHER_10000,SEASHELLS,43,12
69000,SUBMISSION,Caesar,VOLCANIC_ROCK_VOUCHER_10000,SEASHELLS,43,2
69000,SUBMISSION,Caesar,VOLCANIC_ROCK_VOUCHER_10000,SEASHELLS,43,0
69000,Camilla,SUBMISSION,VOLCANIC_ROCK_VOUCHER_9750,SEASHELLS,219,12
69000,Caesar,SUBMISSION,VOLCANIC_ROCK_VOUCHER_9750,SEASHELLS,219,2
69100,Camilla,SUBMISSION,VOLCANIC_ROCK_VOUCHER_10000,SEASHELLS,50,13
69100,Caesar,SUBMISSION,VOLCANIC_ROCK_VOUCHER_10000,SEASHELLS,50,1
69400,SUBMISSION,Camilla,VOLCANIC_ROCK_VOUCHER_10000,SEASHELLS,46,12
69400,SUBMISSION,Caesar,VOLCANIC_ROCK_VOUCHER_10000,SEASHELLS,46,1
69400,Camilla,SUBMISSION,VOLCANIC_ROCK_VOUCHER_9750,SEASHELLS,218,12
69400,Caesar,SUBMISSION,VOLCANIC_ROCK_VOUCHER_9750,SEASHELLS,218,1
69500,Camilla,SUBMISSION,VOLCANIC_ROCK_VOUCHER_10000,SEASHELLS,46,19
69500,SUBMISSION,Camilla,VOLCANIC_ROCK_VOUCHER_9750,SEASHELLS,218,19
69600,Camilla,SUBMISSION,VOLCANIC_ROCK_VOUCHER_10000,SEASHELLS,45,11
69600,SUBMISSION,Camilla,VOLCANIC_ROCK_VOUCHER_9750,SEASHELLS,216,11
69700,SUBMISSION,Camilla,VOLCANIC_ROCK_VOUCHER_10000,SEASHELLS,49,17
69700,SUBMISSION,Caesar,VOLCANIC_ROCK_VOUCHER_10000,SEASHELLS,49,1
69700,Camilla,SUBMISSION,VOLCANIC_ROCK_VOUCHER_9750,SEASHELLS,220,17
69700,Caesar,SUBMISSION,VOLCANIC_ROCK_VOUCHER_9750,SEASHELLS,220,1
69800,SUBMISSION,Camilla,VOLCANIC_ROCK_VOUCHER_10000,SEASHELLS,46,18
69800,SUBMISSION,Caesar,VOLCANIC_ROCK_VOUCHER_10000,SEASHELLS,46,1
69800,Caesar,SUBMISSION,VOLCANIC_ROCK_VOUCHER_10250,SEASHELLS,4,1
69900,Camilla,SUBMISSION,VOLCANIC_ROCK_VOUCHER_10000,SEASHELLS,48,18
69900,SUBMISSION,Camilla,VOLCANIC_ROCK_VOUCHER_9750,SEASHELLS,217,18
70000,Camilla,SUBMISSION,VOLCANIC_ROCK_VOUCHER_10000,SEASHELLS,49,17
70100,SUBMISSION,Camilla,VOLCANIC_ROCK_VOUCHER_10000,SEASHELLS,44,11
70100,SUBMISSION,Caesar,VOLCANIC_ROCK_VOUCHER_10000,SEASHELLS,44,1
70200,Camilla,SUBMISSION,VOLCANIC_ROCK_VOUCHER_10000,SEASHELLS,47,14
70200,Caesar,SUBMISSION,VOLCANIC_ROCK_VOUCHER_10000,SEASHELLS,47,2
70200,SUBMISSION,Camilla,VOLCANIC_ROCK_VOUCHER_9750,SEASHELLS,218,14
70200,SUBMISSION,Caesar,VOLCANIC_ROCK_VOUCHER_9750,SEASHELLS,218,2
70300,Camilla,SUBMISSION,VOLCANIC_ROCK_VOUCHER_10000,SEASHELLS,46,10
70300,Caesar,SUBMISSION,VOLCANIC_ROCK_VOUCHER_10000,SEASHELLS,46,2
70300,SUBMISSION,Camilla,VOLCANIC_ROCK_VOUCHER_9750,SEASHELLS,214,10
70300,SUBMISSION,Caesar,VOLCANIC_ROCK_VOUCHER_9750,SEASHELLS,214,2
70400,Camilla,SUBMISSION,VOLCANIC_ROCK_VOUCHER_10000,SEASHELLS,49,10
70400,Caesar,SUBMISSION,VOLCANIC_ROCK_VOUCHER_10000,SEASHELLS,49,1
70400,SUBMISSION,Camilla,VOLCANIC_ROCK_VOUCHER_10250,SEASHELLS,5,1
70600,Camilla,SUBMISSION,VOLCANIC_ROCK_VOUCHER_9750,SEASHELLS,217,11
70700,Camilla,SUBMISSION,VOLCANIC_ROCK_VOUCHER_10000,SEASHELLS,48,19
70800,SUBMISSION,Camilla,VOLCANIC_ROCK_VOUCHER_10000,SEASHELLS,43,17
70800,Camilla,SUBMISSION,VOLCANIC_ROCK_VOUCHER_9750,SEASHELLS,212,17
70900,SUBMISSION,Camilla,VOLCANIC_ROCK_VOUCHER_10000,SEASHELLS,43,10
70900,SUBMISSION,Caesar,VOLCANIC_ROCK_VOUCHER_10000,SEASHELLS,43,2
70900,SUBMISSION,Caesar,VOLCANIC_ROCK_VOUCHER_10000,SEASHELLS,43,0
70900,Camilla,SUBMISSION,VOLCANIC_ROCK_VOUCHER_9750,SEASHELLS,210,10
70900,Caesar,SUBMISSION,VOLCANIC_ROCK_VOUCHER_9750,SEASHELLS,210,2
71000,Camilla,SUBMISSION,VOLCANIC_ROCK_VOUCHER_10000,SEASHELLS,45,20
71000,SUBMISSION,Camilla,VOLCANIC_ROCK_VOUCHER_9750,SEASHELLS,208,20
71100,SUBMISSION,Caesar,VOLCANIC_ROCK_VOUCHER_10000,SEASHELLS,41,6
71200,SUBMISSION,Camilla,VOLCANIC_ROCK_VOUCHER_10000,SEASHELLS,39,17
71200,SUBMISSION,Caesar,VOLCANIC_ROCK_VOUCHER_10000,SEASHELLS,39,2
71200,Camilla,SUBMISSION,VOLCANIC_ROCK_VOUCHER_9750,SEASHELLS,209,17
71200,Caesar,SUBMISSION,VOLCANIC_ROCK_VOUCHER_9750,SEASHELLS,209,2
71300,Camilla,SUBMISSION,VOLCANIC_ROCK_VOUCHER_10000,SEASHELLS,44,17
71300,SUBMISSION,Camilla,VOLCANIC_ROCK_VOUCHER_9750,SEASHELLS,209,17
71400,SUBMISSION,Camilla,VOLCANIC_ROCK_VOUCHER_10000,SEASHELLS,43,13
71400,SUBMISSION,Caesar,VOLCANIC_ROCK_VOUCHER_10000,SEASHELLS,43,1
71400,Camilla,SUBMISSION,VOLCANIC_ROCK_VOUCHER_9750,SEASHELLS,212,13
71400,Caesar,SUBMISSION,VOLCANIC_ROCK_VOUCHER_9750,SEASHELLS,212,1
71500,Camilla,SUBMISSION,VOLCANIC_ROCK_VOUCHER_10000,SEASHELLS,46,14
71600,SUBMISSION,Camilla,VOLCANIC_ROCK_VOUCHER_10000,SEASHELLS,45,16
71600,SUBMISSION,Caesar,VOLCANIC_ROCK_VOUCHER_10000,SEASHELLS,45,1
71600,Camilla,SUBMISSION,VOLCANIC_ROCK_VOUCHER_9750,SEASHELLS,214,16
71600,Caesar,SUBMISSION,VOLCANIC_ROCK_VOUCHER_9750,SEASHELLS,214,1
71700,Camilla,SUBMISSION,VOLCANIC_ROCK_VOUCHER_10000,SEASHELLS,46,16
71700,Caesar,SUBMISSION,VOLCANIC_ROCK_VOUCHER_10000,SEASHELLS,46,2
71700,SUBMISSION,Camilla,VOLCANIC_ROCK_VOUCHER_9750,SEASHELLS,215,16
71700,SUBMISSION,Caesar,VOLCANIC_ROCK_VOUCHER_9750,SEASHELLS,215,2
71800,SUBMISSION,Camilla,VOLCANIC_ROCK_VOUCHER_10000,SEASHELLS,45,18
71800,SUBMISSION,Caesar,VOLCANIC_ROCK_VOUCHER_10000,SEASHELLS,45,1
71800,Camilla,SUBMISSION,VOLCANIC_ROCK_VOUCHER_9750,SEASHELLS,213,18
71800,Caesar,SUBMISSION,VOLCANIC_ROCK_VOUCHER_9750,SEASHELLS,213,1
71900,Camilla,SUBMISSION,VOLCANIC_ROCK_VOUCHER_10000,SEASHELLS,47,17
72000,SUBMISSION,Camilla,VOLCANIC_ROCK_VOUCHER_10000,SEASHELLS,45,12
72000,SUBMISSION,Caesar,VOLCANIC_ROCK_VOUCHER_10000,SEASHELLS,45,1
72300,SUBMISSION,Camilla,VOLCANIC_ROCK_VOUCHER_10000,SEASHELLS,46,13
72300,SUBMISSION,Caesar,VOLCANIC_ROCK_VOUCHER_10000,SEASHELLS,46,2
72300,Camilla,SUBMISSION,VOLCANIC_ROCK_VOUCHER_9750,SEASHELLS,213,13
72300,Caesar,SUBMISSION,VOLCANIC_ROCK_VOUCHER_9750,SEASHELLS,213,2
72400,Camilla,SUBMISSION,VOLCANIC_ROCK_VOUCHER_9750,SEASHELLS,211,12
72500,Camilla,SUBMISSION,VOLCANIC_ROCK_VOUCHER_10250,SEASHELLS,3,8
72500,SUBMISSION,Camilla,VOLCANIC_ROCK_VOUCHER_9750,SEASHELLS,207,18
72600,Camilla,SUBMISSION,VOLCANIC_ROCK_VOUCHER_10000,SEASHELLS,44,12
72600,Caesar,SUBMISSION,VOLCANIC_ROCK_VOUCHER_10000,SEASHELLS,44,2
72600,SUBMISSION,Camilla,VOLCANIC_ROCK_VOUCHER_10250,SEASHELLS,4,8
72600,Camilla,SUBMISSION,VOLCANIC_ROCK_VOUCHER_9750,SEASHELLS,209,12
72600,Caesar,SUBMISSION,VOLCANIC_ROCK_VOUCHER_9750,SEASHELLS,209,2
72700,SUBMISSION,Camilla,VOLCANIC_ROCK_VOUCHER_10000,SEASHELLS,43,17
72700,SUBMISSION,Caesar,VOLCANIC_ROCK_VOUCHER_10000,SEASHELLS,43,1
72700,SUBMISSION,Caesar,VOLCANIC_ROCK_VOUCHER_10000,SEASHELLS,43,0
72700,Caesar,SUBMISSION,VOLCANIC_ROCK_VOUCHER_9750,SEASHELLS,209,1
72800,Camilla,SUBMISSION,VOLCANIC_ROCK_VOUCHER_9750,SEASHELLS,211,11
72800,Caesar,SUBMISSION,VOLCANIC_ROCK_VOUCHER_9750,SEASHELLS,211,2
72900,SUBMISSION,Camilla,VOLCANIC_ROCK_VOUCHER_10000,SEASHELLS,44,17
72900,SUBMISSION,Caesar,VOLCANIC_ROCK_VOUCHER_10000,SEASHELLS,44,2
72900,Camilla,SUBMISSION,VOLCANIC_ROCK_VOUCHER_9750,SEASHELLS,213,17
73000,SUBMISSION,Camilla,VOLCANIC_ROCK_VOUCHER_10000,SEASHELLS,41,13
73000,SUBMISSION,Caesar,VOLCANIC_ROCK_VOUCHER_10000,SEASHELLS,41,1
73100,Camilla,SUBMISSION,VOLCANIC_ROCK_VOUCHER_10000,SEASHELLS,47,18
73100,Caesar,SUBMISSION,VOLCANIC_ROCK_VOUCHER_10000,SEASHELLS,47,2
73100,SUBMISSION,Camilla,VOLCANIC_ROCK_VOUCHER_9750,SEASHELLS,210,18
73100,SUBMISSION,Caesar,VOLCANIC_ROCK_VOUCHER_9750,SEASHELLS,210,2
73200,Camilla,SUBMISSION,VOLCANIC_ROCK_VOUCHER_9750,SEASHELLS,210,18
73200,Caesar,SUBMISSION,VOLCANIC_ROCK_VOUCHER_9750,SEASHELLS,210,1
73300,Camilla,SUBMISSION,VOLCANIC_ROCK_VOUCHER_9750,SEASHELLS,214,1
73400,Camilla,SUBMISSION,VOLCANIC_ROCK_VOUCHER_10000,SEASHELLS,44,20
73500,SUBMISSION,Caesar,VOLCANIC_ROCK_VOUCHER_9750,SEASHELLS,207,1
73600,Camilla,SUBMISSION,VOLCANIC_ROCK_VOUCHER_9750,SEASHELLS,211,1
73700,Camilla,SUBMISSION,VOLCANIC_ROCK_VOUCHER_10000,SEASHELLS,44,13
73800,Camilla,SUBMISSION,VOLCANIC_ROCK_VOUCHER_10000,SEASHELLS,44,13
73900,SUBMISSION,Camilla,VOLCANIC_ROCK_VOUCHER_10000,SEASHELLS,41,10
73900,SUBMISSION,Caesar,VOLCANIC_ROCK_VOUCHER_10000,SEASHELLS,41,2
74200,Camilla,SUBMISSION,VOLCANIC_ROCK_VOUCHER_10000,SEASHELLS,46,19
74200,SUBMISSION,Camilla,VOLCANIC_ROCK_VOUCHER_9750,SEASHELLS,211,19
74400,SUBMISSION,Camilla,VOLCANIC_ROCK_VOUCHER_10000,SEASHELLS,42,12
74400,Camilla,SUBMISSION,VOLCANIC_ROCK_VOUCHER_9750,SEASHELLS,209,12
74500,Camilla,SUBMISSION,VOLCANIC_ROCK_VOUCHER_10000,SEASHELLS,43,15
74600,SUBMISSION,Caesar,VOLCANIC_ROCK_VOUCHER_10000,SEASHELLS,39,5
74700,SUBMISSION,Camilla,VOLCANIC_ROCK_VOUCHER_10000,SEASHELLS,38,17
74700,SUBMISSION,Caesar,VOLCANIC_ROCK_VOUCHER_10000,SEASHELLS,38,1
74700,Camilla,SUBMISSION,VOLCANIC_ROCK_VOUCHER_9750,SEASHELLS,207,7
74800,Camilla,SUBMISSION,VOLCANIC_ROCK_VOUCHER_10000,SEASHELLS,39,10
74800,SUBMISSION,Camilla,VOLCANIC_ROCK_VOUCHER_9750,SEASHELLS,204,10
74900,Camilla,SUBMISSION,VOLCANIC_ROCK_VOUCHER_9750,SEASHELLS,202,10
75300,Camilla,SUBMISSION,VOLCANIC_ROCK_VOUCHER_10000,SEASHELLS,40,16
75400,SUBMISSION,Camilla,VOLCANIC_ROCK_VOUCHER_10000,SEASHELLS,38,15
75500,Camilla,SUBMISSION,VOLCANIC_ROCK_VOUCHER_10000,SEASHELLS,39,12
75900,Camilla,SUBMISSION,VOLCANIC_ROCK_VOUCHER_10000,SEASHELLS,39,18
75900,Caesar,SUBMISSION,VOLCANIC_ROCK_VOUCHER_10000,SEASHELLS,39,1
75900,SUBMISSION,Camilla,VOLCANIC_ROCK_VOUCHER_9750,SEASHELLS,194,18
75900,SUBMISSION,Caesar,VOLCANIC_ROCK_VOUCHER_9750,SEASHELLS,194,1
76000,Camilla,SUBMISSION,VOLCANIC_ROCK_VOUCHER_10000,SEASHELLS,41,11
76000,Caesar,SUBMISSION,VOLCANIC_ROCK_VOUCHER_10000,SEASHELLS,41,1
76000,SUBMISSION,Camilla,VOLCANIC_ROCK_VOUCHER_9750,SEASHELLS,197,11
76000,SUBMISSION,Caesar,VOLCANIC_ROCK_VOUCHER_9750,SEASHELLS,197,1
76100,Camilla,SUBMISSION,VOLCANIC_ROCK_VOUCHER_10000,SEASHELLS,41,14
76100,Caesar,SUBMISSION,VOLCANIC_ROCK_VOUCHER_10000,SEASHELLS,41,2
76100,SUBMISSION,Camilla,VOLCANIC_ROCK_VOUCHER_9750,SEASHELLS,196,14
76100,SUBMISSION,Caesar,VOLCANIC_ROCK_VOUCHER_9750,SEASHELLS,196,2
76200,Camilla,SUBMISSION,VOLCANIC_ROCK_VOUCHER_10000,SEASHELLS,40,6
76700,Camilla,SUBMISSION,VOLCANIC_ROCK_VOUCHER_9750,SEASHELLS,199,15
76700,Caesar,SUBMISSION,VOLCANIC_ROCK_VOUCHER_9750,SEASHELLS,199,2
76800,SUBMISSION,Camilla,VOLCANIC_ROCK_VOUCHER_10000,SEASHELLS,39,13
76800,SUBMISSION,Caesar,VOLCANIC_ROCK_VOUCHER_10000,SEASHELLS,39,1
76800,Camilla,SUBMISSION,VOLCANIC_ROCK_VOUCHER_9750,SEASHELLS,200,13
76800,Caesar,SUBMISSION,VOLCANIC_ROCK_VOUCHER_9750,SEASHELLS,200,1
76900,Camilla,SUBMISSION,VOLCANIC_ROCK_VOUCHER_10000,SEASHELLS,39,14
77100,Camilla,SUBMISSION,VOLCANIC_ROCK_VOUCHER_9750,SEASHELLS,198,16
77500,SUBMISSION,Camilla,VOLCANIC_ROCK_VOUCHER_9750,SEASHELLS,202,10
77600,SUBMISSION,Camilla,VOLCANIC_ROCK_VOUCHER_10000,SEASHELLS,38,14
77600,SUBMISSION,Caesar,VOLCANIC_ROCK_VOUCHER_10000,SEASHELLS,38,1
77600,Camilla,SUBMISSION,VOLCANIC_ROCK_VOUCHER_9750,SEASHELLS,203,10
77800,Camilla,SUBMISSION,VOLCANIC_ROCK_VOUCHER_10000,SEASHELLS,42,15
78100,SUBMISSION,Camilla,VOLCANIC_ROCK_VOUCHER_9750,SEASHELLS,202,18
78100,SUBMISSION,Caesar,VOLCANIC_ROCK_VOUCHER_9750,SEASHELLS,202,1
78300,Camilla,SUBMISSION,VOLCANIC_ROCK_VOUCHER_9750,SEASHELLS,200,11
78300,Caesar,SUBMISSION,VOLCANIC_ROCK_VOUCHER_9750,SEASHELLS,200,2
78400,SUBMISSION,Camilla,VOLCANIC_ROCK_VOUCHER_10000,SEASHELLS,39,14
78400,Camilla,SUBMISSION,VOLCANIC_ROCK_VOUCHER_9750,SEASHELLS,197,6
78500,Camilla,SUBMISSION,VOLCANIC_ROCK_VOUCHER_10000,SEASHELLS,40,11
78500,Caesar,SUBMISSION,VOLCANIC_ROCK_VOUCHER_10000,SEASHELLS,40,2
78600,SUBMISSION,Camilla,VOLCANIC_ROCK_VOUCHER_10000,SEASHELLS,37,16
78600,SUBMISSION,Caesar,VOLCANIC_ROCK_VOUCHER_10000,SEASHELLS,37,1
78700,SUBMISSION,Camilla,VOLCANIC_ROCK_VOUCHER_10000,SEASHELLS,38,12
78700,SUBMISSION,Caesar,VOLCANIC_ROCK_VOUCHER_10000,SEASHELLS,38,2
78900,Camilla,SUBMISSION,VOLCANIC_ROCK_VOUCHER_10000,SEASHELLS,35,16
78900,SUBMISSION,Camilla,VOLCANIC_ROCK_VOUCHER_9750,SEASHELLS,191,16
79000,SUBMISSION,Caesar,VOLCANIC_ROCK_VOUCHER_9750,SEASHELLS,190,2
79100,SUBMISSION,Camilla,VOLCANIC_ROCK_VOUCHER_10000,SEASHELLS,33,13
79100,SUBMISSION,Caesar,VOLCANIC_ROCK_VOUCHER_10000,SEASHELLS,33,2
79100,Camilla,SUBMISSION,VOLCANIC_ROCK_VOUCHER_10250,SEASHELLS,3,13
79100,Caesar,SUBMISSION,VOLCANIC_ROCK_VOUCHER_10250,SEASHELLS,3,2
79100,Caesar,SUBMISSION,VOLCANIC_ROCK_VOUCHER_10250,SEASHELLS,3,14
79100,Camilla,SUBMISSION,VOLCANIC_ROCK_VOUCHER_9750,SEASHELLS,191,13
79100,Caesar,SUBMISSION,VOLCANIC_ROCK_VOUCHER_9750,SEASHELLS,191,2
79100,Caesar,SUBMISSION,VOLCANIC_ROCK_VOUCHER_9750,SEASHELLS,191,3
79200,SUBMISSION,Camilla,VOLCANIC_ROCK_VOUCHER_10000,SEASHELLS,36,13
79300,SUBMISSION,Camilla,VOLCANIC_ROCK_VOUCHER_10000,SEASHELLS,31,16
79300,SUBMISSION,Caesar,VOLCANIC_ROCK_VOUCHER_10000,SEASHELLS,31,2
79300,SUBMISSION,Caesar,VOLCANIC_ROCK_VOUCHER_10000,SEASHELLS,31,0
79400,Camilla,SUBMISSION,VOLCANIC_ROCK_VOUCHER_10000,SEASHELLS,38,13
79400,Caesar,SUBMISSION,VOLCANIC_ROCK_VOUCHER_10000,SEASHELLS,38,2
79400,SUBMISSION,Camilla,VOLCANIC_ROCK_VOUCHER_9750,SEASHELLS,189,13
79400,SUBMISSION,Caesar,VOLCANIC_ROCK_VOUCHER_9750,SEASHELLS,189,2
79500,Camilla,SUBMISSION,VOLCANIC_ROCK_VOUCHER_10000,SEASHELLS,36,13
79500,Caesar,SUBMISSION,VOLCANIC_ROCK_VOUCHER_10000,SEASHELLS,36,1
79500,SUBMISSION,Camilla,VOLCANIC_ROCK_VOUCHER_10250,SEASHELLS,3,13
79500,SUBMISSION,Caesar,VOLCANIC_ROCK_VOUCHER_10250,SEASHELLS,3,1
79500,Camilla,SUBMISSION,VOLCANIC_ROCK_VOUCHER_9750,SEASHELLS,187,13
79500,Caesar,SUBMISSION,VOLCANIC_ROCK_VOUCHER_9750,SEASHELLS,187,1
79600,Camilla,SUBMISSION,VOLCANIC_ROCK_VOUCHER_10000,SEASHELLS,33,15
79600,Caesar,SUBMISSION,VOLCANIC_ROCK_VOUCHER_10000,SEASHELLS,33,2
79700,Camilla,SUBMISSION,VOLCANIC_ROCK_VOUCHER_10000,SEASHELLS,34,11
79700,Caesar,SUBMISSION,VOLCANIC_ROCK_VOUCHER_10000,SEASHELLS,34,2
79700,SUBMISSION,Camilla,VOLCANIC_ROCK_VOUCHER_10250,SEASHELLS,3,11
79700,SUBMISSION,Caesar,VOLCANIC_ROCK_VOUCHER_10250,SEASHELLS,3,2
79800,SUBMISSION,Camilla,VOLCANIC_ROCK_VOUCHER_10000,SEASHELLS,34,19
79800,SUBMISSION,Caesar,VOLCANIC_ROCK_VOUCHER_10000,SEASHELLS,34,1
79800,SUBMISSION,Camilla,VOLCANIC_ROCK_VOUCHER_10250,SEASHELLS,3,2
79800,Camilla,SUBMISSION,VOLCANIC_ROCK_VOUCHER_9750,SEASHELLS,188,1
79900,Camilla,SUBMISSION,VOLCANIC_ROCK_VOUCHER_10000,SEASHELLS,34,12
79900,Caesar,SUBMISSION,VOLCANIC_ROCK_VOUCHER_10000,SEASHELLS,34,1
80000,SUBMISSION,Camilla,VOLCANIC_ROCK_VOUCHER_10000,SEASHELLS,34,12
80000,SUBMISSION,Caesar,VOLCANIC_ROCK_VOUCHER_10000,SEASHELLS,34,2
80100,Camilla,SUBMISSION,VOLCANIC_ROCK_VOUCHER_10000,SEASHELLS,32,18
80100,Caesar,SUBMISSION,VOLCANIC_ROCK_VOUCHER_10000,SEASHELLS,32,2
80200,SUBMISSION,Camilla,VOLCANIC_ROCK_VOUCHER_10000,SEASHELLS,33,20
80200,SUBMISSION,Caesar,VOLCANIC_ROCK_VOUCHER_10000,SEASHELLS,33,1
80300,SUBMISSION,Camilla,VOLCANIC_ROCK_VOUCHER_10000,SEASHELLS,29,13
80300,SUBMISSION,Caesar,VOLCANIC_ROCK_VOUCHER_10000,SEASHELLS,29,1
80300,SUBMISSION,Caesar,VOLCANIC_ROCK_VOUCHER_10000,SEASHELLS,29,0
80400,Camilla,SUBMISSION,VOLCANIC_ROCK_VOUCHER_10000,SEASHELLS,36,18
80400,Caesar,SUBMISSION,VOLCANIC_ROCK_VOUCHER_10000,SEASHELLS,36,2
80500,Camilla,SUBMISSION,VOLCANIC_ROCK_VOUCHER_10000,SEASHELLS,33,19
80600,SUBMISSION,Camilla,VOLCANIC_ROCK_VOUCHER_10000,SEASHELLS,34,14
80600,SUBMISSION,Caesar,VOLCANIC_ROCK_VOUCHER_10000,SEASHELLS,34,2
80800,SUBMISSION,Camilla,VOLCANIC_ROCK_VOUCHER_10000,SEASHELLS,34,11
80900,Camilla,SUBMISSION,VOLCANIC_ROCK_VOUCHER_10000,SEASHELLS,36,16
80900,Caesar,SUBMISSION,VOLCANIC_ROCK_VOUCHER_10000,SEASHELLS,36,1
80900,SUBMISSION,Camilla,VOLCANIC_ROCK_VOUCHER_9750,SEASHELLS,187,16
80900,SUBMISSION,Caesar,VOLCANIC_ROCK_VOUCHER_9750,SEASHELLS,187,1
81000,Camilla,SUBMISSION,VOLCANIC_ROCK_VOUCHER_9750,SEASHELLS,190,17
81100,Camilla,SUBMISSION,VOLCANIC_ROCK_VOUCHER_10000,SEASHELLS,37,10
81100,SUBMISSION,Camilla,VOLCANIC_ROCK_VOUCHER_9750,SEASHELLS,188,10
81300,Camilla,SUBMISSION,VOLCANIC_ROCK_VOUCHER_9750,SEASHELLS,185,10
82000,SUBMISSION,Camilla,VOLCANIC_ROCK_VOUCHER_9750,SEASHELLS,180,10
82100,Camilla,SUBMISSION,VOLCANIC_ROCK_VOUCHER_9750,SEASHELLS,180,10
82700,SUBMISSION,Camilla,VOLCANIC_ROCK_VOUCHER_10000,SEASHELLS,32,16
82800,Camilla,SUBMISSION,VOLCANIC_ROCK_VOUCHER_10000,SEASHELLS,35,14
82800,SUBMISSION,Camilla,VOLCANIC_ROCK_VOUCHER_9750,SEASHELLS,184,14
82900,Camilla,SUBMISSION,VOLCANIC_ROCK_VOUCHER_9750,SEASHELLS,184,14
83000,SUBMISSION,Camilla,VOLCANIC_ROCK_VOUCHER_10000,SEASHELLS,32,12
83000,SUBMISSION,Caesar,VOLCANIC_ROCK_VOUCHER_10000,SEASHELLS,32,2
83100,Camilla,SUBMISSION,VOLCANIC_ROCK_VOUCHER_10000,SEASHELLS,36,16
83300,SUBMISSION,Camilla,VOLCANIC_ROCK_VOUCHER_10000,SEASHELLS,30,13
83300,SUBMISSION,Caesar,VOLCANIC_ROCK_VOUCHER_10000,SEASHELLS,30,1
83300,SUBMISSION,Caesar,VOLCANIC_ROCK_VOUCHER_10000,SEASHELLS,30,0
83600,SUBMISSION,Camilla,VOLCANIC_ROCK_VOUCHER_10000,SEASHELLS,33,14
83600,SUBMISSION,Caesar,VOLCANIC_ROCK_VOUCHER_10000,SEASHELLS,33,1
83700,Camilla,SUBMISSION,VOLCANIC_ROCK_VOUCHER_10000,SEASHELLS,31,20
83900,Camilla,SUBMISSION,VOLCANIC_ROCK_VOUCHER_10000,SEASHELLS,31,9
84100,SUBMISSION,Camilla,VOLCANIC_ROCK_VOUCHER_10000,SEASHELLS,32,20
84100,SUBMISSION,Caesar,VOLCANIC_ROCK_VOUCHER_10000,SEASHELLS,32,1
84200,Camilla,SUBMISSION,VOLCANIC_ROCK_VOUCHER_10000,SEASHELLS,34,16
84200,Caesar,SUBMISSION,VOLCANIC_ROCK_VOUCHER_10000,SEASHELLS,34,2
84300,Camilla,SUBMISSION,VOLCANIC_ROCK_VOUCHER_10000,SEASHELLS,36,3
84600,SUBMISSION,Camilla,VOLCANIC_ROCK_VOUCHER_10000,SEASHELLS,34,14
84900,Camilla,SUBMISSION,VOLCANIC_ROCK_VOUCHER_10000,SEASHELLS,31,12
84900,Caesar,SUBMISSION,VOLCANIC_ROCK_VOUCHER_10000,SEASHELLS,31,2
86100,SUBMISSION,Camilla,VOLCANIC_ROCK_VOUCHER_10000,SEASHELLS,33,13
86100,SUBMISSION,Caesar,VOLCANIC_ROCK_VOUCHER_10000,SEASHELLS,33,2
86200,Camilla,SUBMISSION,VOLCANIC_ROCK_VOUCHER_10000,SEASHELLS,33,10
86300,Camilla,SUBMISSION,VOLCANIC_ROCK_VOUCHER_10000,SEASHELLS,35,5
87000,SUBMISSION,Camilla,VOLCANIC_ROCK_VOUCHER_10000,SEASHELLS,31,17
87300,Camilla,SUBMISSION,VOLCANIC_ROCK_VOUCHER_10000,SEASHELLS,35,13
87400,Camilla,SUBMISSION,VOLCANIC_ROCK_VOUCHER_10000,SEASHELLS,35,4
87400,SUBMISSION,Camilla,VOLCANIC_ROCK_VOUCHER_9750,SEASHELLS,177,14
87500,Camilla,SUBMISSION,VOLCANIC_ROCK_VOUCHER_9750,SEASHELLS,177,13
87500,Caesar,SUBMISSION,VOLCANIC_ROCK_VOUCHER_9750,SEASHELLS,177,1
87600,SUBMISSION,Camilla,VOLCANIC_ROCK_VOUCHER_10000,SEASHELLS,29,10
88000,Camilla,SUBMISSION,VOLCANIC_ROCK_VOUCHER_10000,SEASHELLS,32,10
88100,SUBMISSION,Camilla,VOLCANIC_ROCK_VOUCHER_9750,SEASHELLS,180,10
88100,SUBMISSION,Caesar,VOLCANIC_ROCK_VOUCHER_9750,SEASHELLS,180,2
88200,SUBMISSION,Camilla,VOLCANIC_ROCK_VOUCHER_10000,SEASHELLS,32,13
88200,SUBMISSION,Caesar,VOLCANIC_ROCK_VOUCHER_10000,SEASHELLS,32,2
88200,Camilla,SUBMISSION,VOLCANIC_ROCK_VOUCHER_9750,SEASHELLS,183,12
88300,Camilla,SUBMISSION,VOLCANIC_ROCK_VOUCHER_10000,SEASHELLS,34,13
88300,SUBMISSION,Camilla,VOLCANIC_ROCK_VOUCHER_9750,SEASHELLS,180,13
88400,SUBMISSION,Camilla,VOLCANIC_ROCK_VOUCHER_10000,SEASHELLS,31,18
88400,Camilla,SUBMISSION,VOLCANIC_ROCK_VOUCHER_9750,SEASHELLS,180,13
88500,SUBMISSION,Camilla,VOLCANIC_ROCK_VOUCHER_10000,SEASHELLS,30,14
88500,SUBMISSION,Caesar,VOLCANIC_ROCK_VOUCHER_10000,SEASHELLS,30,1
88700,Camilla,SUBMISSION,VOLCANIC_ROCK_VOUCHER_10000,SEASHELLS,31,14
88700,Caesar,SUBMISSION,VOLCANIC_ROCK_VOUCHER_10000,SEASHELLS,31,1
88800,Camilla,SUBMISSION,VOLCANIC_ROCK_VOUCHER_10000,SEASHELLS,32,17
88800,Caesar,SUBMISSION,VOLCANIC_ROCK_VOUCHER_10000,SEASHELLS,32,2
89000,Camilla,SUBMISSION,VOLCANIC_ROCK_VOUCHER_10000,SEASHELLS,33,1
89300,SUBMISSION,Camilla,VOLCANIC_ROCK_VOUCHER_9750,SEASHELLS,179,16
89300,SUBMISSION,Caesar,VOLCANIC_ROCK_VOUCHER_9750,SEASHELLS,179,2
89500,SUBMISSION,Camilla,VOLCANIC_ROCK_VOUCHER_10000,SEASHELLS,32,17
89500,Camilla,SUBMISSION,VOLCANIC_ROCK_VOUCHER_9750,SEASHELLS,183,17
89600,Camilla,SUBMISSION,VOLCANIC_ROCK_VOUCHER_9750,SEASHELLS,182,1
89800,Camilla,SUBMISSION,VOLCANIC_ROCK_VOUCHER_10000,SEASHELLS,33,16
89800,Caesar,SUBMISSION,VOLCANIC_ROCK_VOUCHER_10000,SEASHELLS,33,1
89900,SUBMISSION,Camilla,VOLCANIC_ROCK_VOUCHER_10000,SEASHELLS,32,15
89900,SUBMISSION,Caesar,VOLCANIC_ROCK_VOUCHER_10000,SEASHELLS,32,1
90000,Camilla,SUBMISSION,VOLCANIC_ROCK_VOUCHER_10000,SEASHELLS,34,16
90100,SUBMISSION,Camilla,VOLCANIC_ROCK_VOUCHER_9750,SEASHELLS,185,15
90100,SUBMISSION,Caesar,VOLCANIC_ROCK_VOUCHER_9750,SEASHELLS,185,2
90200,Camilla,SUBMISSION,VOLCANIC_ROCK_VOUCHER_9750,SEASHELLS,185,16
90200,Caesar,SUBMISSION,VOLCANIC_ROCK_VOUCHER_9750,SEASHELLS,185,1
91100,SUBMISSION,Camilla,VOLCANIC_ROCK_VOUCHER_9750,SEASHELLS,179,15
91200,Camilla,SUBMISSION,VOLCANIC_ROCK_VOUCHER_9750,SEASHELLS,185,15
92500,SUBMISSION,Camilla,VOLCANIC_ROCK_VOUCHER_9750,SEASHELLS,187,18
92500,SUBMISSION,Caesar,VOLCANIC_ROCK_VOUCHER_9750,SEASHELLS,187,1
92700,Camilla,SUBMISSION,VOLCANIC_ROCK_VOUCHER_9750,SEASHELLS,187,11
92700,Caesar,SUBMISSION,VOLCANIC_ROCK_VOUCHER_9750,SEASHELLS,187,2
92800,Camilla,SUBMISSION,VOLCANIC_ROCK_VOUCHER_9750,SEASHELLS,188,6
93100,SUBMISSION,Camilla,VOLCANIC_ROCK_VOUCHER_10000,SEASHELLS,31,15
93100,SUBMISSION,Caesar,VOLCANIC_ROCK_VOUCHER_10000,SEASHELLS,31,2
93300,Camilla,SUBMISSION,VOLCANIC_ROCK_VOUCHER_10000,SEASHELLS,32,17
94300,SUBMISSION,Camilla,VOLCANIC_ROCK_VOUCHER_9750,SEASHELLS,186,17
94300,SUBMISSION,Caesar,VOLCANIC_ROCK_VOUCHER_9750,SEASHELLS,186,1
94500,Camilla,SUBMISSION,VOLCANIC_ROCK_VOUCHER_9750,SEASHELLS,185,17
94500,Caesar,SUBMISSION,VOLCANIC_ROCK_VOUCHER_9750,SEASHELLS,185,1
94900,SUBMISSION,Camilla,VOLCANIC_ROCK_VOUCHER_10000,SEASHELLS,35,20
95000,Camilla,SUBMISSION,VOLCANIC_ROCK_VOUCHER_10000,SEASHELLS,37,10
95000,SUBMISSION,Camilla,VOLCANIC_ROCK_VOUCHER_9750,SEASHELLS,185,10
95100,SUBMISSION,Camilla,VOLCANIC_ROCK_VOUCHER_10000,SEASHELLS,33,11
95100,SUBMISSION,Caesar,VOLCANIC_ROCK_VOUCHER_10000,SEASHELLS,33,1
95100,Caesar,SUBMISSION,VOLCANIC_ROCK_VOUCHER_9750,SEASHELLS,188,1
95200,Camilla,SUBMISSION,VOLCANIC_ROCK_VOUCHER_10000,SEASHELLS,32,15
95200,Caesar,SUBMISSION,VOLCANIC_ROCK_VOUCHER_10000,SEASHELLS,32,2
95200,SUBMISSION,Camilla,VOLCANIC_ROCK_VOUCHER_9750,SEASHELLS,185,15
95200,SUBMISSION,Caesar,VOLCANIC_ROCK_VOUCHER_9750,SEASHELLS,185,2
95300,Camilla,SUBMISSION,VOLCANIC_ROCK_VOUCHER_10000,SEASHELLS,37,5
95400,SUBMISSION,Camilla,VOLCANIC_ROCK_VOUCHER_9750,SEASHELLS,185,17
95400,SUBMISSION,Caesar,VOLCANIC_ROCK_VOUCHER_9750,SEASHELLS,185,1
95500,Camilla,SUBMISSION,VOLCANIC_ROCK_VOUCHER_9750,SEASHELLS,185,18
95800,Camilla,SUBMISSION,VOLCANIC_ROCK_VOUCHER_9750,SEASHELLS,189,18
95800,Caesar,SUBMISSION,VOLCANIC_ROCK_VOUCHER_9750,SEASHELLS,189,1
96100,SUBMISSION,Camilla,VOLCANIC_ROCK_VOUCHER_10000,SEASHELLS,34,14
96100,SUBMISSION,Caesar,VOLCANIC_ROCK_VOUCHER_10000,SEASHELLS,34,1
96100,Camilla,SUBMISSION,VOLCANIC_ROCK_VOUCHER_9750,SEASHELLS,190,7
96200,Camilla,SUBMISSION,VOLCANIC_ROCK_VOUCHER_10000,SEASHELLS,35,15
96800,SUBMISSION,Camilla,VOLCANIC_ROCK_VOUCHER_10000,SEASHELLS,31,16
96800,SUBMISSION,Caesar,VOLCANIC_ROCK_VOUCHER_10000,SEASHELLS,31,2
96900,Camilla,SUBMISSION,VOLCANIC_ROCK_VOUCHER_10000,SEASHELLS,35,10
96900,Caesar,SUBMISSION,VOLCANIC_ROCK_VOUCHER_10000,SEASHELLS,35,1
97000,SUBMISSION,Pablo,VOLCANIC_ROCK_VOUCHER_9750,SEASHELLS,185,7
97100,Camilla,SUBMISSION,VOLCANIC_ROCK_VOUCHER_10000,SEASHELLS,33,7
97100,Camilla,SUBMISSION,VOLCANIC_ROCK_VOUCHER_9750,SEASHELLS,184,7
97800,SUBMISSION,Camilla,VOLCANIC_ROCK_VOUCHER_9750,SEASHELLS,175,10
97800,SUBMISSION,Caesar,VOLCANIC_ROCK_VOUCHER_9750,SEASHELLS,175,1
97900,Camilla,SUBMISSION,VOLCANIC_ROCK_VOUCHER_9750,SEASHELLS,174,10
97900,Caesar,SUBMISSION,VOLCANIC_ROCK_VOUCHER_9750,SEASHELLS,174,1
98000,SUBMISSION,Camilla,VOLCANIC_ROCK_VOUCHER_10000,SEASHELLS,28,20
98000,SUBMISSION,Caesar,VOLCANIC_ROCK_VOUCHER_10000,SEASHELLS,28,1
98100,Camilla,SUBMISSION,VOLCANIC_ROCK_VOUCHER_10000,SEASHELLS,31,15
98100,Caesar,SUBMISSION,VOLCANIC_ROCK_VOUCHER_10000,SEASHELLS,31,2
98300,Camilla,SUBMISSION,VOLCANIC_ROCK_VOUCHER_10000,SEASHELLS,32,4
98500,SUBMISSION,Camilla,VOLCANIC_ROCK_VOUCHER_10000,SEASHELLS,30,10
98500,SUBMISSION,Caesar,VOLCANIC_ROCK_VOUCHER_10000,SEASHELLS,30,2
98700,Camilla,SUBMISSION,VOLCANIC_ROCK_VOUCHER_10000,SEASHELLS,33,12
98900,SUBMISSION,Caesar,VOLCANIC_ROCK_VOUCHER_10000,SEASHELLS,29,1
99000,SUBMISSION,Camilla,VOLCANIC_ROCK_VOUCHER_10000,SEASHELLS,29,15
99000,SUBMISSION,Caesar,VOLCANIC_ROCK_VOUCHER_10000,SEASHELLS,29,1
99100,Camilla,SUBMISSION,VOLCANIC_ROCK_VOUCHER_10000,SEASHELLS,36,10
99100,Caesar,SUBMISSION,VOLCANIC_ROCK_VOUCHER_10000,SEASHELLS,36,2
99200,Camilla,SUBMISSION,VOLCANIC_ROCK_VOUCHER_10000,SEASHELLS,31,5
99700,SUBMISSION,Caesar,VOLCANIC_ROCK_VOUCHER_10000,SEASHELLS,30,6
99800,Camilla,SUBMISSION,VOLCANIC_ROCK_VOUCHER_10000,SEASHELLS,32,6
